Workbook

Sheet Diário_Avaliações
A1: Data | B1: Mês | C1: Dia da Semana | D1: Qtd. | E1: Meta | F1: % do Mês | G1: Faltam | H1: Matric. | I1: Novo | J1: H | K1: M | L1: Lucas | M1: Edy | N1: Eduardo | O1: Luiz | P1: Maria | Q1: (livre) | R1: (livre) | S1: (livre) | T1: Conferência | U1: Observação
A2: 46054 | B2: =IF($A2="","",CHOOSE(MONTH($A2),"Janeiro","Fevereiro","Março","Abril","Maio","Junho","Julho","Agosto","Setembro","Outubro","Novembro","Dezembro")) | C2: =IF($A2="","",CHOOSE(WEEKDAY($A2),"Domingo","Segunda-feira","Terça-feira","Quarta-feira","Quinta-feira","Sexta-feira","Sábado")) | E2: =IFERROR(INDEX(Consolidado_Mensal!$B$2:$B$12,MATCH($B2,Consolidado_Mensal!$A$2:$A$12,0)),"") | F2: =IF($E2="","",SUMIFS($D$2:$D2,$B$2:$B2,$B2)/$E2) | G2: =IF($E2="","",MAX(0,$E2-SUMIFS($D$2:$D2,$B$2:$B2,$B2))) | T2: =IF($D2="","",IF(AND($D2=0,SUM($H2:$S2)=0),"OK",IF(SUM($H2:$S2)=0,"Sem detalhe",IF(AND(OR(SUM($H2:$I2)=$D2,SUM($H2:$I2)=0),OR(SUM($J2:$K2)=$D2,SUM($J2:$K2)=0),OR(SUM($L2:$S2)=$D2,SUM($L2:$S2)=0)),"OK","Verificar: "&IF(AND(SUM($H2:$I2)<>$D2,SUM($H2:$I2)<>0),"perfil ","")&IF(AND(SUM($J2:$K2)<>$D2,SUM($J2:$K2)<>0),"gênero ","")&IF(AND(SUM($L2:$S2)<>$D2,SUM($L2:$S2)<>0),"professor","")))))
A3: 46055 | B3: =IF($A3="","",CHOOSE(MONTH($A3),"Janeiro","Fevereiro","Março","Abril","Maio","Junho","Julho","Agosto","Setembro","Outubro","Novembro","Dezembro")) | C3: =IF($A3="","",CHOOSE(WEEKDAY($A3),"Domingo","Segunda-feira","Terça-feira","Quarta-feira","Quinta-feira","Sexta-feira","Sábado")) | E3: =IFERROR(INDEX(Consolidado_Mensal!$B$2:$B$12,MATCH($B3,Consolidado_Mensal!$A$2:$A$12,0)),"") | F3: =IF($E3="","",SUMIFS($D$2:$D3,$B$2:$B3,$B3)/$E3) | G3: =IF($E3="","",MAX(0,$E3-SUMIFS($D$2:$D3,$B$2:$B3,$B3))) | T3: =IF($D3="","",IF(AND($D3=0,SUM($H3:$S3)=0),"OK",IF(SUM($H3:$S3)=0,"Sem detalhe",IF(AND(OR(SUM($H3:$I3)=$D3,SUM($H3:$I3)=0),OR(SUM($J3:$K3)=$D3,SUM($J3:$K3)=0),OR(SUM($L3:$S3)=$D3,SUM($L3:$S3)=0)),"OK","Verificar: "&IF(AND(SUM($H3:$I3)<>$D3,SUM($H3:$I3)<>0),"perfil ","")&IF(AND(SUM($J3:$K3)<>$D3,SUM($J3:$K3)<>0),"gênero ","")&IF(AND(SUM($L3:$S3)<>$D3,SUM($L3:$S3)<>0),"professor","")))))
A4: 46056 | B4: =IF($A4="","",CHOOSE(MONTH($A4),"Janeiro","Fevereiro","Março","Abril","Maio","Junho","Julho","Agosto","Setembro","Outubro","Novembro","Dezembro")) | C4: =IF($A4="","",CHOOSE(WEEKDAY($A4),"Domingo","Segunda-feira","Terça-feira","Quarta-feira","Quinta-feira","Sexta-feira","Sábado")) | E4: =IFERROR(INDEX(Consolidado_Mensal!$B$2:$B$12,MATCH($B4,Consolidado_Mensal!$A$2:$A$12,0)),"") | F4: =IF($E4="","",SUMIFS($D$2:$D4,$B$2:$B4,$B4)/$E4) | G4: =IF($E4="","",MAX(0,$E4-SUMIFS($D$2:$D4,$B$2:$B4,$B4))) | T4: =IF($D4="","",IF(AND($D4=0,SUM($H4:$S4)=0),"OK",IF(SUM($H4:$S4)=0,"Sem detalhe",IF(AND(OR(SUM($H4:$I4)=$D4,SUM($H4:$I4)=0),OR(SUM($J4:$K4)=$D4,SUM($J4:$K4)=0),OR(SUM($L4:$S4)=$D4,SUM($L4:$S4)=0)),"OK","Verificar: "&IF(AND(SUM($H4:$I4)<>$D4,SUM($H4:$I4)<>0),"perfil ","")&IF(AND(SUM($J4:$K4)<>$D4,SUM($J4:$K4)<>0),"gênero ","")&IF(AND(SUM($L4:$S4)<>$D4,SUM($L4:$S4)<>0),"professor","")))))
A5: 46057 | B5: =IF($A5="","",CHOOSE(MONTH($A5),"Janeiro","Fevereiro","Março","Abril","Maio","Junho","Julho","Agosto","Setembro","Outubro","Novembro","Dezembro")) | C5: =IF($A5="","",CHOOSE(WEEKDAY($A5),"Domingo","Segunda-feira","Terça-feira","Quarta-feira","Quinta-feira","Sexta-feira","Sábado")) | E5: =IFERROR(INDEX(Consolidado_Mensal!$B$2:$B$12,MATCH($B5,Consolidado_Mensal!$A$2:$A$12,0)),"") | F5: =IF($E5="","",SUMIFS($D$2:$D5,$B$2:$B5,$B5)/$E5) | G5: =IF($E5="","",MAX(0,$E5-SUMIFS($D$2:$D5,$B$2:$B5,$B5))) | T5: =IF($D5="","",IF(AND($D5=0,SUM($H5:$S5)=0),"OK",IF(SUM($H5:$S5)=0,"Sem detalhe",IF(AND(OR(SUM($H5:$I5)=$D5,SUM($H5:$I5)=0),OR(SUM($J5:$K5)=$D5,SUM($J5:$K5)=0),OR(SUM($L5:$S5)=$D5,SUM($L5:$S5)=0)),"OK","Verificar: "&IF(AND(SUM($H5:$I5)<>$D5,SUM($H5:$I5)<>0),"perfil ","")&IF(AND(SUM($J5:$K5)<>$D5,SUM($J5:$K5)<>0),"gênero ","")&IF(AND(SUM($L5:$S5)<>$D5,SUM($L5:$S5)<>0),"professor","")))))
A6: 46058 | B6: =IF($A6="","",CHOOSE(MONTH($A6),"Janeiro","Fevereiro","Março","Abril","Maio","Junho","Julho","Agosto","Setembro","Outubro","Novembro","Dezembro")) | C6: =IF($A6="","",CHOOSE(WEEKDAY($A6),"Domingo","Segunda-feira","Terça-feira","Quarta-feira","Quinta-feira","Sexta-feira","Sábado")) | E6: =IFERROR(INDEX(Consolidado_Mensal!$B$2:$B$12,MATCH($B6,Consolidado_Mensal!$A$2:$A$12,0)),"") | F6: =IF($E6="","",SUMIFS($D$2:$D6,$B$2:$B6,$B6)/$E6) | G6: =IF($E6="","",MAX(0,$E6-SUMIFS($D$2:$D6,$B$2:$B6,$B6))) | T6: =IF($D6="","",IF(AND($D6=0,SUM($H6:$S6)=0),"OK",IF(SUM($H6:$S6)=0,"Sem detalhe",IF(AND(OR(SUM($H6:$I6)=$D6,SUM($H6:$I6)=0),OR(SUM($J6:$K6)=$D6,SUM($J6:$K6)=0),OR(SUM($L6:$S6)=$D6,SUM($L6:$S6)=0)),"OK","Verificar: "&IF(AND(SUM($H6:$I6)<>$D6,SUM($H6:$I6)<>0),"perfil ","")&IF(AND(SUM($J6:$K6)<>$D6,SUM($J6:$K6)<>0),"gênero ","")&IF(AND(SUM($L6:$S6)<>$D6,SUM($L6:$S6)<>0),"professor","")))))
A7: 46059 | B7: =IF($A7="","",CHOOSE(MONTH($A7),"Janeiro","Fevereiro","Março","Abril","Maio","Junho","Julho","Agosto","Setembro","Outubro","Novembro","Dezembro")) | C7: =IF($A7="","",CHOOSE(WEEKDAY($A7),"Domingo","Segunda-feira","Terça-feira","Quarta-feira","Quinta-feira","Sexta-feira","Sábado")) | E7: =IFERROR(INDEX(Consolidado_Mensal!$B$2:$B$12,MATCH($B7,Consolidado_Mensal!$A$2:$A$12,0)),"") | F7: =IF($E7="","",SUMIFS($D$2:$D7,$B$2:$B7,$B7)/$E7) | G7: =IF($E7="","",MAX(0,$E7-SUMIFS($D$2:$D7,$B$2:$B7,$B7))) | T7: =IF($D7="","",IF(AND($D7=0,SUM($H7:$S7)=0),"OK",IF(SUM($H7:$S7)=0,"Sem detalhe",IF(AND(OR(SUM($H7:$I7)=$D7,SUM($H7:$I7)=0),OR(SUM($J7:$K7)=$D7,SUM($J7:$K7)=0),OR(SUM($L7:$S7)=$D7,SUM($L7:$S7)=0)),"OK","Verificar: "&IF(AND(SUM($H7:$I7)<>$D7,SUM($H7:$I7)<>0),"perfil ","")&IF(AND(SUM($J7:$K7)<>$D7,SUM($J7:$K7)<>0),"gênero ","")&IF(AND(SUM($L7:$S7)<>$D7,SUM($L7:$S7)<>0),"professor","")))))
A8: 46060 | B8: =IF($A8="","",CHOOSE(MONTH($A8),"Janeiro","Fevereiro","Março","Abril","Maio","Junho","Julho","Agosto","Setembro","Outubro","Novembro","Dezembro")) | C8: =IF($A8="","",CHOOSE(WEEKDAY($A8),"Domingo","Segunda-feira","Terça-feira","Quarta-feira","Quinta-feira","Sexta-feira","Sábado")) | E8: =IFERROR(INDEX(Consolidado_Mensal!$B$2:$B$12,MATCH($B8,Consolidado_Mensal!$A$2:$A$12,0)),"") | F8: =IF($E8="","",SUMIFS($D$2:$D8,$B$2:$B8,$B8)/$E8) | G8: =IF($E8="","",MAX(0,$E8-SUMIFS($D$2:$D8,$B$2:$B8,$B8))) | T8: =IF($D8="","",IF(AND($D8=0,SUM($H8:$S8)=0),"OK",IF(SUM($H8:$S8)=0,"Sem detalhe",IF(AND(OR(SUM($H8:$I8)=$D8,SUM($H8:$I8)=0),OR(SUM($J8:$K8)=$D8,SUM($J8:$K8)=0),OR(SUM($L8:$S8)=$D8,SUM($L8:$S8)=0)),"OK","Verificar: "&IF(AND(SUM($H8:$I8)<>$D8,SUM($H8:$I8)<>0),"perfil ","")&IF(AND(SUM($J8:$K8)<>$D8,SUM($J8:$K8)<>0),"gênero ","")&IF(AND(SUM($L8:$S8)<>$D8,SUM($L8:$S8)<>0),"professor","")))))
A9: 46061 | B9: =IF($A9="","",CHOOSE(MONTH($A9),"Janeiro","Fevereiro","Março","Abril","Maio","Junho","Julho","Agosto","Setembro","Outubro","Novembro","Dezembro")) | C9: =IF($A9="","",CHOOSE(WEEKDAY($A9),"Domingo","Segunda-feira","Terça-feira","Quarta-feira","Quinta-feira","Sexta-feira","Sábado")) | E9: =IFERROR(INDEX(Consolidado_Mensal!$B$2:$B$12,MATCH($B9,Consolidado_Mensal!$A$2:$A$12,0)),"") | F9: =IF($E9="","",SUMIFS($D$2:$D9,$B$2:$B9,$B9)/$E9) | G9: =IF($E9="","",MAX(0,$E9-SUMIFS($D$2:$D9,$B$2:$B9,$B9))) | T9: =IF($D9="","",IF(AND($D9=0,SUM($H9:$S9)=0),"OK",IF(SUM($H9:$S9)=0,"Sem detalhe",IF(AND(OR(SUM($H9:$I9)=$D9,SUM($H9:$I9)=0),OR(SUM($J9:$K9)=$D9,SUM($J9:$K9)=0),OR(SUM($L9:$S9)=$D9,SUM($L9:$S9)=0)),"OK","Verificar: "&IF(AND(SUM($H9:$I9)<>$D9,SUM($H9:$I9)<>0),"perfil ","")&IF(AND(SUM($J9:$K9)<>$D9,SUM($J9:$K9)<>0),"gênero ","")&IF(AND(SUM($L9:$S9)<>$D9,SUM($L9:$S9)<>0),"professor","")))))
A10: 46062 | B10: =IF($A10="","",CHOOSE(MONTH($A10),"Janeiro","Fevereiro","Março","Abril","Maio","Junho","Julho","Agosto","Setembro","Outubro","Novembro","Dezembro")) | C10: =IF($A10="","",CHOOSE(WEEKDAY($A10),"Domingo","Segunda-feira","Terça-feira","Quarta-feira","Quinta-feira","Sexta-feira","Sábado")) | E10: =IFERROR(INDEX(Consolidado_Mensal!$B$2:$B$12,MATCH($B10,Consolidado_Mensal!$A$2:$A$12,0)),"") | F10: =IF($E10="","",SUMIFS($D$2:$D10,$B$2:$B10,$B10)/$E10) | G10: =IF($E10="","",MAX(0,$E10-SUMIFS($D$2:$D10,$B$2:$B10,$B10))) | T10: =IF($D10="","",IF(AND($D10=0,SUM($H10:$S10)=0),"OK",IF(SUM($H10:$S10)=0,"Sem detalhe",IF(AND(OR(SUM($H10:$I10)=$D10,SUM($H10:$I10)=0),OR(SUM($J10:$K10)=$D10,SUM($J10:$K10)=0),OR(SUM($L10:$S10)=$D10,SUM($L10:$S10)=0)),"OK","Verificar: "&IF(AND(SUM($H10:$I10)<>$D10,SUM($H10:$I10)<>0),"perfil ","")&IF(AND(SUM($J10:$K10)<>$D10,SUM($J10:$K10)<>0),"gênero ","")&IF(AND(SUM($L10:$S10)<>$D10,SUM($L10:$S10)<>0),"professor","")))))
A11: 46063 | B11: =IF($A11="","",CHOOSE(MONTH($A11),"Janeiro","Fevereiro","Março","Abril","Maio","Junho","Julho","Agosto","Setembro","Outubro","Novembro","Dezembro")) | C11: =IF($A11="","",CHOOSE(WEEKDAY($A11),"Domingo","Segunda-feira","Terça-feira","Quarta-feira","Quinta-feira","Sexta-feira","Sábado")) | E11: =IFERROR(INDEX(Consolidado_Mensal!$B$2:$B$12,MATCH($B11,Consolidado_Mensal!$A$2:$A$12,0)),"") | F11: =IF($E11="","",SUMIFS($D$2:$D11,$B$2:$B11,$B11)/$E11) | G11: =IF($E11="","",MAX(0,$E11-SUMIFS($D$2:$D11,$B$2:$B11,$B11))) | T11: =IF($D11="","",IF(AND($D11=0,SUM($H11:$S11)=0),"OK",IF(SUM($H11:$S11)=0,"Sem detalhe",IF(AND(OR(SUM($H11:$I11)=$D11,SUM($H11:$I11)=0),OR(SUM($J11:$K11)=$D11,SUM($J11:$K11)=0),OR(SUM($L11:$S11)=$D11,SUM($L11:$S11)=0)),"OK","Verificar: "&IF(AND(SUM($H11:$I11)<>$D11,SUM($H11:$I11)<>0),"perfil ","")&IF(AND(SUM($J11:$K11)<>$D11,SUM($J11:$K11)<>0),"gênero ","")&IF(AND(SUM($L11:$S11)<>$D11,SUM($L11:$S11)<>0),"professor","")))))
A12: 46064 | B12: =IF($A12="","",CHOOSE(MONTH($A12),"Janeiro","Fevereiro","Março","Abril","Maio","Junho","Julho","Agosto","Setembro","Outubro","Novembro","Dezembro")) | C12: =IF($A12="","",CHOOSE(WEEKDAY($A12),"Domingo","Segunda-feira","Terça-feira","Quarta-feira","Quinta-feira","Sexta-feira","Sábado")) | E12: =IFERROR(INDEX(Consolidado_Mensal!$B$2:$B$12,MATCH($B12,Consolidado_Mensal!$A$2:$A$12,0)),"") | F12: =IF($E12="","",SUMIFS($D$2:$D12,$B$2:$B12,$B12)/$E12) | G12: =IF($E12="","",MAX(0,$E12-SUMIFS($D$2:$D12,$B$2:$B12,$B12))) | T12: =IF($D12="","",IF(AND($D12=0,SUM($H12:$S12)=0),"OK",IF(SUM($H12:$S12)=0,"Sem detalhe",IF(AND(OR(SUM($H12:$I12)=$D12,SUM($H12:$I12)=0),OR(SUM($J12:$K12)=$D12,SUM($J12:$K12)=0),OR(SUM($L12:$S12)=$D12,SUM($L12:$S12)=0)),"OK","Verificar: "&IF(AND(SUM($H12:$I12)<>$D12,SUM($H12:$I12)<>0),"perfil ","")&IF(AND(SUM($J12:$K12)<>$D12,SUM($J12:$K12)<>0),"gênero ","")&IF(AND(SUM($L12:$S12)<>$D12,SUM($L12:$S12)<>0),"professor","")))))
A13: 46065 | B13: =IF($A13="","",CHOOSE(MONTH($A13),"Janeiro","Fevereiro","Março","Abril","Maio","Junho","Julho","Agosto","Setembro","Outubro","Novembro","Dezembro")) | C13: =IF($A13="","",CHOOSE(WEEKDAY($A13),"Domingo","Segunda-feira","Terça-feira","Quarta-feira","Quinta-feira","Sexta-feira","Sábado")) | E13: =IFERROR(INDEX(Consolidado_Mensal!$B$2:$B$12,MATCH($B13,Consolidado_Mensal!$A$2:$A$12,0)),"") | F13: =IF($E13="","",SUMIFS($D$2:$D13,$B$2:$B13,$B13)/$E13) | G13: =IF($E13="","",MAX(0,$E13-SUMIFS($D$2:$D13,$B$2:$B13,$B13))) | T13: =IF($D13="","",IF(AND($D13=0,SUM($H13:$S13)=0),"OK",IF(SUM($H13:$S13)=0,"Sem detalhe",IF(AND(OR(SUM($H13:$I13)=$D13,SUM($H13:$I13)=0),OR(SUM($J13:$K13)=$D13,SUM($J13:$K13)=0),OR(SUM($L13:$S13)=$D13,SUM($L13:$S13)=0)),"OK","Verificar: "&IF(AND(SUM($H13:$I13)<>$D13,SUM($H13:$I13)<>0),"perfil ","")&IF(AND(SUM($J13:$K13)<>$D13,SUM($J13:$K13)<>0),"gênero ","")&IF(AND(SUM($L13:$S13)<>$D13,SUM($L13:$S13)<>0),"professor","")))))
... A30: 46082 | B30: =IF($A30="","",CHOOSE(MONTH($A30),"Janeiro","Fevereiro","Março","Abril","Maio","Junho","Julho","Agosto","Setembro","Outubro","Novembro","Dezembro")) | C30: =IF($A30="","",CHOOSE(WEEKDAY($A30),"Domingo","Segunda-feira","Terça-feira","Quarta-feira","Quinta-feira","Sexta-feira","Sábado")) | E30: =IFERROR(INDEX(Consolidado_Mensal!$B$2:$B$12,MATCH($B30,Consolidado_Mensal!$A$2:$A$12,0)),"") | F30: =IF($E30="","",SUMIFS($D$2:$D30,$B$2:$B30,$B30)/$E30) | G30: =IF($E30="","",MAX(0,$E30-SUMIFS($D$2:$D30,$B$2:$B30,$B30))) | T30: =IF($D30="","",IF(AND($D30=0,SUM($H30:$S30)=0),"OK",IF(SUM($H30:$S30)=0,"Sem detalhe",IF(AND(OR(SUM($H30:$I30)=$D30,SUM($H30:$I30)=0),OR(SUM($J30:$K30)=$D30,SUM($J30:$K30)=0),OR(SUM($L30:$S30)=$D30,SUM($L30:$S30)=0)),"OK","Verificar: "&IF(AND(SUM($H30:$I30)<>$D30,SUM($H30:$I30)<>0),"perfil ","")&IF(AND(SUM($J30:$K30)<>$D30,SUM($J30:$K30)<>0),"gênero ","")&IF(AND(SUM($L30:$S30)<>$D30,SUM($L30:$S30)<>0),"professor","")))))
A31: 46083 | B31: =IF($A31="","",CHOOSE(MONTH($A31),"Janeiro","Fevereiro","Março","Abril","Maio","Junho","Julho","Agosto","Setembro","Outubro","Novembro","Dezembro")) | C31: =IF($A31="","",CHOOSE(WEEKDAY($A31),"Domingo","Segunda-feira","Terça-feira","Quarta-feira","Quinta-feira","Sexta-feira","Sábado")) | D31: 3 | E31: =IFERROR(INDEX(Consolidado_Mensal!$B$2:$B$12,MATCH($B31,Consolidado_Mensal!$A$2:$A$12,0)),"") | F31: =IF($E31="","",SUMIFS($D$2:$D31,$B$2:$B31,$B31)/$E31) | G31: =IF($E31="","",MAX(0,$E31-SUMIFS($D$2:$D31,$B$2:$B31,$B31))) | T31: =IF($D31="","",IF(AND($D31=0,SUM($H31:$S31)=0),"OK",IF(SUM($H31:$S31)=0,"Sem detalhe",IF(AND(OR(SUM($H31:$I31)=$D31,SUM($H31:$I31)=0),OR(SUM($J31:$K31)=$D31,SUM($J31:$K31)=0),OR(SUM($L31:$S31)=$D31,SUM($L31:$S31)=0)),"OK","Verificar: "&IF(AND(SUM($H31:$I31)<>$D31,SUM($H31:$I31)<>0),"perfil ","")&IF(AND(SUM($J31:$K31)<>$D31,SUM($J31:$K31)<>0),"gênero ","")&IF(AND(SUM($L31:$S31)<>$D31,SUM($L31:$S31)<>0),"professor","")))))
A32: 46084 | B32: =IF($A32="","",CHOOSE(MONTH($A32),"Janeiro","Fevereiro","Março","Abril","Maio","Junho","Julho","Agosto","Setembro","Outubro","Novembro","Dezembro")) | C32: =IF($A32="","",CHOOSE(WEEKDAY($A32),"Domingo","Segunda-feira","Terça-feira","Quarta-feira","Quinta-feira","Sexta-feira","Sábado")) | D32: 3 | E32: =IFERROR(INDEX(Consolidado_Mensal!$B$2:$B$12,MATCH($B32,Consolidado_Mensal!$A$2:$A$12,0)),"") | F32: =IF($E32="","",SUMIFS($D$2:$D32,$B$2:$B32,$B32)/$E32) | G32: =IF($E32="","",MAX(0,$E32-SUMIFS($D$2:$D32,$B$2:$B32,$B32))) | T32: =IF($D32="","",IF(AND($D32=0,SUM($H32:$S32)=0),"OK",IF(SUM($H32:$S32)=0,"Sem detalhe",IF(AND(OR(SUM($H32:$I32)=$D32,SUM($H32:$I32)=0),OR(SUM($J32:$K32)=$D32,SUM($J32:$K32)=0),OR(SUM($L32:$S32)=$D32,SUM($L32:$S32)=0)),"OK","Verificar: "&IF(AND(SUM($H32:$I32)<>$D32,SUM($H32:$I32)<>0),"perfil ","")&IF(AND(SUM($J32:$K32)<>$D32,SUM($J32:$K32)<>0),"gênero ","")&IF(AND(SUM($L32:$S32)<>$D32,SUM($L32:$S32)<>0),"professor","")))))
A33: 46085 | B33: =IF($A33="","",CHOOSE(MONTH($A33),"Janeiro","Fevereiro","Março","Abril","Maio","Junho","Julho","Agosto","Setembro","Outubro","Novembro","Dezembro")) | C33: =IF($A33="","",CHOOSE(WEEKDAY($A33),"Domingo","Segunda-feira","Terça-feira","Quarta-feira","Quinta-feira","Sexta-feira","Sábado")) | D33: 4 | E33: =IFERROR(INDEX(Consolidado_Mensal!$B$2:$B$12,MATCH($B33,Consolidado_Mensal!$A$2:$A$12,0)),"") | F33: =IF($E33="","",SUMIFS($D$2:$D33,$B$2:$B33,$B33)/$E33) | G33: =IF($E33="","",MAX(0,$E33-SUMIFS($D$2:$D33,$B$2:$B33,$B33))) | T33: =IF($D33="","",IF(AND($D33=0,SUM($H33:$S33)=0),"OK",IF(SUM($H33:$S33)=0,"Sem detalhe",IF(AND(OR(SUM($H33:$I33)=$D33,SUM($H33:$I33)=0),OR(SUM($J33:$K33)=$D33,SUM($J33:$K33)=0),OR(SUM($L33:$S33)=$D33,SUM($L33:$S33)=0)),"OK","Verificar: "&IF(AND(SUM($H33:$I33)<>$D33,SUM($H33:$I33)<>0),"perfil ","")&IF(AND(SUM($J33:$K33)<>$D33,SUM($J33:$K33)<>0),"gênero ","")&IF(AND(SUM($L33:$S33)<>$D33,SUM($L33:$S33)<>0),"professor","")))))
A34: 46086 | B34: =IF($A34="","",CHOOSE(MONTH($A34),"Janeiro","Fevereiro","Março","Abril","Maio","Junho","Julho","Agosto","Setembro","Outubro","Novembro","Dezembro")) | C34: =IF($A34="","",CHOOSE(WEEKDAY($A34),"Domingo","Segunda-feira","Terça-feira","Quarta-feira","Quinta-feira","Sexta-feira","Sábado")) | D34: 3 | E34: =IFERROR(INDEX(Consolidado_Mensal!$B$2:$B$12,MATCH($B34,Consolidado_Mensal!$A$2:$A$12,0)),"") | F34: =IF($E34="","",SUMIFS($D$2:$D34,$B$2:$B34,$B34)/$E34) | G34: =IF($E34="","",MAX(0,$E34-SUMIFS($D$2:$D34,$B$2:$B34,$B34))) | T34: =IF($D34="","",IF(AND($D34=0,SUM($H34:$S34)=0),"OK",IF(SUM($H34:$S34)=0,"Sem detalhe",IF(AND(OR(SUM($H34:$I34)=$D34,SUM($H34:$I34)=0),OR(SUM($J34:$K34)=$D34,SUM($J34:$K34)=0),OR(SUM($L34:$S34)=$D34,SUM($L34:$S34)=0)),"OK","Verificar: "&IF(AND(SUM($H34:$I34)<>$D34,SUM($H34:$I34)<>0),"perfil ","")&IF(AND(SUM($J34:$K34)<>$D34,SUM($J34:$K34)<>0),"gênero ","")&IF(AND(SUM($L34:$S34)<>$D34,SUM($L34:$S34)<>0),"professor","")))))
A35: 46087 | B35: =IF($A35="","",CHOOSE(MONTH($A35),"Janeiro","Fevereiro","Março","Abril","Maio","Junho","Julho","Agosto","Setembro","Outubro","Novembro","Dezembro")) | C35: =IF($A35="","",CHOOSE(WEEKDAY($A35),"Domingo","Segunda-feira","Terça-feira","Quarta-feira","Quinta-feira","Sexta-feira","Sábado")) | D35: 2 | E35: =IFERROR(INDEX(Consolidado_Mensal!$B$2:$B$12,MATCH($B35,Consolidado_Mensal!$A$2:$A$12,0)),"") | F35: =IF($E35="","",SUMIFS($D$2:$D35,$B$2:$B35,$B35)/$E35) | G35: =IF($E35="","",MAX(0,$E35-SUMIFS($D$2:$D35,$B$2:$B35,$B35))) | T35: =IF($D35="","",IF(AND($D35=0,SUM($H35:$S35)=0),"OK",IF(SUM($H35:$S35)=0,"Sem detalhe",IF(AND(OR(SUM($H35:$I35)=$D35,SUM($H35:$I35)=0),OR(SUM($J35:$K35)=$D35,SUM($J35:$K35)=0),OR(SUM($L35:$S35)=$D35,SUM($L35:$S35)=0)),"OK","Verificar: "&IF(AND(SUM($H35:$I35)<>$D35,SUM($H35:$I35)<>0),"perfil ","")&IF(AND(SUM($J35:$K35)<>$D35,SUM($J35:$K35)<>0),"gênero ","")&IF(AND(SUM($L35:$S35)<>$D35,SUM($L35:$S35)<>0),"professor","")))))
A36: 46088 | B36: =IF($A36="","",CHOOSE(MONTH($A36),"Janeiro","Fevereiro","Março","Abril","Maio","Junho","Julho","Agosto","Setembro","Outubro","Novembro","Dezembro")) | C36: =IF($A36="","",CHOOSE(WEEKDAY($A36),"Domingo","Segunda-feira","Terça-feira","Quarta-feira","Quinta-feira","Sexta-feira","Sábado")) | E36: =IFERROR(INDEX(Consolidado_Mensal!$B$2:$B$12,MATCH($B36,Consolidado_Mensal!$A$2:$A$12,0)),"") | F36: =IF($E36="","",SUMIFS($D$2:$D36,$B$2:$B36,$B36)/$E36) | G36: =IF($E36="","",MAX(0,$E36-SUMIFS($D$2:$D36,$B$2:$B36,$B36))) | T36: =IF($D36="","",IF(AND($D36=0,SUM($H36:$S36)=0),"OK",IF(SUM($H36:$S36)=0,"Sem detalhe",IF(AND(OR(SUM($H36:$I36)=$D36,SUM($H36:$I36)=0),OR(SUM($J36:$K36)=$D36,SUM($J36:$K36)=0),OR(SUM($L36:$S36)=$D36,SUM($L36:$S36)=0)),"OK","Verificar: "&IF(AND(SUM($H36:$I36)<>$D36,SUM($H36:$I36)<>0),"perfil ","")&IF(AND(SUM($J36:$K36)<>$D36,SUM($J36:$K36)<>0),"gênero ","")&IF(AND(SUM($L36:$S36)<>$D36,SUM($L36:$S36)<>0),"professor","")))))
A37: 46089 | B37: =IF($A37="","",CHOOSE(MONTH($A37),"Janeiro","Fevereiro","Março","Abril","Maio","Junho","Julho","Agosto","Setembro","Outubro","Novembro","Dezembro")) | C37: =IF($A37="","",CHOOSE(WEEKDAY($A37),"Domingo","Segunda-feira","Terça-feira","Quarta-feira","Quinta-feira","Sexta-feira","Sábado")) | E37: =IFERROR(INDEX(Consolidado_Mensal!$B$2:$B$12,MATCH($B37,Consolidado_Mensal!$A$2:$A$12,0)),"") | F37: =IF($E37="","",SUMIFS($D$2:$D37,$B$2:$B37,$B37)/$E37) | G37: =IF($E37="","",MAX(0,$E37-SUMIFS($D$2:$D37,$B$2:$B37,$B37))) | T37: =IF($D37="","",IF(AND($D37=0,SUM($H37:$S37)=0),"OK",IF(SUM($H37:$S37)=0,"Sem detalhe",IF(AND(OR(SUM($H37:$I37)=$D37,SUM($H37:$I37)=0),OR(SUM($J37:$K37)=$D37,SUM($J37:$K37)=0),OR(SUM($L37:$S37)=$D37,SUM($L37:$S37)=0)),"OK","Verificar: "&IF(AND(SUM($H37:$I37)<>$D37,SUM($H37:$I37)<>0),"perfil ","")&IF(AND(SUM($J37:$K37)<>$D37,SUM($J37:$K37)<>0),"gênero ","")&IF(AND(SUM($L37:$S37)<>$D37,SUM($L37:$S37)<>0),"professor","")))))
A38: 46090 | B38: =IF($A38="","",CHOOSE(MONTH($A38),"Janeiro","Fevereiro","Março","Abril","Maio","Junho","Julho","Agosto","Setembro","Outubro","Novembro","Dezembro")) | C38: =IF($A38="","",CHOOSE(WEEKDAY($A38),"Domingo","Segunda-feira","Terça-feira","Quarta-feira","Quinta-feira","Sexta-feira","Sábado")) | D38: 1 | E38: =IFERROR(INDEX(Consolidado_Mensal!$B$2:$B$12,MATCH($B38,Consolidado_Mensal!$A$2:$A$12,0)),"") | F38: =IF($E38="","",SUMIFS($D$2:$D38,$B$2:$B38,$B38)/$E38) | G38: =IF($E38="","",MAX(0,$E38-SUMIFS($D$2:$D38,$B$2:$B38,$B38))) | T38: =IF($D38="","",IF(AND($D38=0,SUM($H38:$S38)=0),"OK",IF(SUM($H38:$S38)=0,"Sem detalhe",IF(AND(OR(SUM($H38:$I38)=$D38,SUM($H38:$I38)=0),OR(SUM($J38:$K38)=$D38,SUM($J38:$K38)=0),OR(SUM($L38:$S38)=$D38,SUM($L38:$S38)=0)),"OK","Verificar: "&IF(AND(SUM($H38:$I38)<>$D38,SUM($H38:$I38)<>0),"perfil ","")&IF(AND(SUM($J38:$K38)<>$D38,SUM($J38:$K38)<>0),"gênero ","")&IF(AND(SUM($L38:$S38)<>$D38,SUM($L38:$S38)<>0),"professor","")))))
A39: 46091 | B39: =IF($A39="","",CHOOSE(MONTH($A39),"Janeiro","Fevereiro","Março","Abril","Maio","Junho","Julho","Agosto","Setembro","Outubro","Novembro","Dezembro")) | C39: =IF($A39="","",CHOOSE(WEEKDAY($A39),"Domingo","Segunda-feira","Terça-feira","Quarta-feira","Quinta-feira","Sexta-feira","Sábado")) | D39: 4 | E39: =IFERROR(INDEX(Consolidado_Mensal!$B$2:$B$12,MATCH($B39,Consolidado_Mensal!$A$2:$A$12,0)),"") | F39: =IF($E39="","",SUMIFS($D$2:$D39,$B$2:$B39,$B39)/$E39) | G39: =IF($E39="","",MAX(0,$E39-SUMIFS($D$2:$D39,$B$2:$B39,$B39))) | T39: =IF($D39="","",IF(AND($D39=0,SUM($H39:$S39)=0),"OK",IF(SUM($H39:$S39)=0,"Sem detalhe",IF(AND(OR(SUM($H39:$I39)=$D39,SUM($H39:$I39)=0),OR(SUM($J39:$K39)=$D39,SUM($J39:$K39)=0),OR(SUM($L39:$S39)=$D39,SUM($L39:$S39)=0)),"OK","Verificar: "&IF(AND(SUM($H39:$I39)<>$D39,SUM($H39:$I39)<>0),"perfil ","")&IF(AND(SUM($J39:$K39)<>$D39,SUM($J39:$K39)<>0),"gênero ","")&IF(AND(SUM($L39:$S39)<>$D39,SUM($L39:$S39)<>0),"professor","")))))
A40: 46092 | B40: =IF($A40="","",CHOOSE(MONTH($A40),"Janeiro","Fevereiro","Março","Abril","Maio","Junho","Julho","Agosto","Setembro","Outubro","Novembro","Dezembro")) | C40: =IF($A40="","",CHOOSE(WEEKDAY($A40),"Domingo","Segunda-feira","Terça-feira","Quarta-feira","Quinta-feira","Sexta-feira","Sábado")) | D40: 1 | E40: =IFERROR(INDEX(Consolidado_Mensal!$B$2:$B$12,MATCH($B40,Consolidado_Mensal!$A$2:$A$12,0)),"") | F40: =IF($E40="","",SUMIFS($D$2:$D40,$B$2:$B40,$B40)/$E40) | G40: =IF($E40="","",MAX(0,$E40-SUMIFS($D$2:$D40,$B$2:$B40,$B40))) | T40: =IF($D40="","",IF(AND($D40=0,SUM($H40:$S40)=0),"OK",IF(SUM($H40:$S40)=0,"Sem detalhe",IF(AND(OR(SUM($H40:$I40)=$D40,SUM($H40:$I40)=0),OR(SUM($J40:$K40)=$D40,SUM($J40:$K40)=0),OR(SUM($L40:$S40)=$D40,SUM($L40:$S40)=0)),"OK","Verificar: "&IF(AND(SUM($H40:$I40)<>$D40,SUM($H40:$I40)<>0),"perfil ","")&IF(AND(SUM($J40:$K40)<>$D40,SUM($J40:$K40)<>0),"gênero ","")&IF(AND(SUM($L40:$S40)<>$D40,SUM($L40:$S40)<>0),"professor","")))))
A41: 46093 | B41: =IF($A41="","",CHOOSE(MONTH($A41),"Janeiro","Fevereiro","Março","Abril","Maio","Junho","Julho","Agosto","Setembro","Outubro","Novembro","Dezembro")) | C41: =IF($A41="","",CHOOSE(WEEKDAY($A41),"Domingo","Segunda-feira","Terça-feira","Quarta-feira","Quinta-feira","Sexta-feira","Sábado")) | D41: 4 | E41: =IFERROR(INDEX(Consolidado_Mensal!$B$2:$B$12,MATCH($B41,Consolidado_Mensal!$A$2:$A$12,0)),"") | F41: =IF($E41="","",SUMIFS($D$2:$D41,$B$2:$B41,$B41)/$E41) | G41: =IF($E41="","",MAX(0,$E41-SUMIFS($D$2:$D41,$B$2:$B41,$B41))) | T41: =IF($D41="","",IF(AND($D41=0,SUM($H41:$S41)=0),"OK",IF(SUM($H41:$S41)=0,"Sem detalhe",IF(AND(OR(SUM($H41:$I41)=$D41,SUM($H41:$I41)=0),OR(SUM($J41:$K41)=$D41,SUM($J41:$K41)=0),OR(SUM($L41:$S41)=$D41,SUM($L41:$S41)=0)),"OK","Verificar: "&IF(AND(SUM($H41:$I41)<>$D41,SUM($H41:$I41)<>0),"perfil ","")&IF(AND(SUM($J41:$K41)<>$D41,SUM($J41:$K41)<>0),"gênero ","")&IF(AND(SUM($L41:$S41)<>$D41,SUM($L41:$S41)<>0),"professor","")))))
A42: 46094 | B42: =IF($A42="","",CHOOSE(MONTH($A42),"Janeiro","Fevereiro","Março","Abril","Maio","Junho","Julho","Agosto","Setembro","Outubro","Novembro","Dezembro")) | C42: =IF($A42="","",CHOOSE(WEEKDAY($A42),"Domingo","Segunda-feira","Terça-feira","Quarta-feira","Quinta-feira","Sexta-feira","Sábado")) | E42: =IFERROR(INDEX(Consolidado_Mensal!$B$2:$B$12,MATCH($B42,Consolidado_Mensal!$A$2:$A$12,0)),"") | F42: =IF($E42="","",SUMIFS($D$2:$D42,$B$2:$B42,$B42)/$E42) | G42: =IF($E42="","",MAX(0,$E42-SUMIFS($D$2:$D42,$B$2:$B42,$B42))) | T42: =IF($D42="","",IF(AND($D42=0,SUM($H42:$S42)=0),"OK",IF(SUM($H42:$S42)=0,"Sem detalhe",IF(AND(OR(SUM($H42:$I42)=$D42,SUM($H42:$I42)=0),OR(SUM($J42:$K42)=$D42,SUM($J42:$K42)=0),OR(SUM($L42:$S42)=$D42,SUM($L42:$S42)=0)),"OK","Verificar: "&IF(AND(SUM($H42:$I42)<>$D42,SUM($H42:$I42)<>0),"perfil ","")&IF(AND(SUM($J42:$K42)<>$D42,SUM($J42:$K42)<>0),"gênero ","")&IF(AND(SUM($L42:$S42)<>$D42,SUM($L42:$S42)<>0),"professor","")))))
A43: 46095 | B43: =IF($A43="","",CHOOSE(MONTH($A43),"Janeiro","Fevereiro","Março","Abril","Maio","Junho","Julho","Agosto","Setembro","Outubro","Novembro","Dezembro")) | C43: =IF($A43="","",CHOOSE(WEEKDAY($A43),"Domingo","Segunda-feira","Terça-feira","Quarta-feira","Quinta-feira","Sexta-feira","Sábado")) | E43: =IFERROR(INDEX(Consolidado_Mensal!$B$2:$B$12,MATCH($B43,Consolidado_Mensal!$A$2:$A$12,0)),"") | F43: =IF($E43="","",SUMIFS($D$2:$D43,$B$2:$B43,$B43)/$E43) | G43: =IF($E43="","",MAX(0,$E43-SUMIFS($D$2:$D43,$B$2:$B43,$B43))) | T43: =IF($D43="","",IF(AND($D43=0,SUM($H43:$S43)=0),"OK",IF(SUM($H43:$S43)=0,"Sem detalhe",IF(AND(OR(SUM($H43:$I43)=$D43,SUM($H43:$I43)=0),OR(SUM($J43:$K43)=$D43,SUM($J43:$K43)=0),OR(SUM($L43:$S43)=$D43,SUM($L43:$S43)=0)),"OK","Verificar: "&IF(AND(SUM($H43:$I43)<>$D43,SUM($H43:$I43)<>0),"perfil ","")&IF(AND(SUM($J43:$K43)<>$D43,SUM($J43:$K43)<>0),"gênero ","")&IF(AND(SUM($L43:$S43)<>$D43,SUM($L43:$S43)<>0),"professor","")))))
A44: 46096 | B44: =IF($A44="","",CHOOSE(MONTH($A44),"Janeiro","Fevereiro","Março","Abril","Maio","Junho","Julho","Agosto","Setembro","Outubro","Novembro","Dezembro")) | C44: =IF($A44="","",CHOOSE(WEEKDAY($A44),"Domingo","Segunda-feira","Terça-feira","Quarta-feira","Quinta-feira","Sexta-feira","Sábado")) | E44: =IFERROR(INDEX(Consolidado_Mensal!$B$2:$B$12,MATCH($B44,Consolidado_Mensal!$A$2:$A$12,0)),"") | F44: =IF($E44="","",SUMIFS($D$2:$D44,$B$2:$B44,$B44)/$E44) | G44: =IF($E44="","",MAX(0,$E44-SUMIFS($D$2:$D44,$B$2:$B44,$B44))) | T44: =IF($D44="","",IF(AND($D44=0,SUM($H44:$S44)=0),"OK",IF(SUM($H44:$S44)=0,"Sem detalhe",IF(AND(OR(SUM($H44:$I44)=$D44,SUM($H44:$I44)=0),OR(SUM($J44:$K44)=$D44,SUM($J44:$K44)=0),OR(SUM($L44:$S44)=$D44,SUM($L44:$S44)=0)),"OK","Verificar: "&IF(AND(SUM($H44:$I44)<>$D44,SUM($H44:$I44)<>0),"perfil ","")&IF(AND(SUM($J44:$K44)<>$D44,SUM($J44:$K44)<>0),"gênero ","")&IF(AND(SUM($L44:$S44)<>$D44,SUM($L44:$S44)<>0),"professor","")))))
A45: 46097 | B45: =IF($A45="","",CHOOSE(MONTH($A45),"Janeiro","Fevereiro","Março","Abril","Maio","Junho","Julho","Agosto","Setembro","Outubro","Novembro","Dezembro")) | C45: =IF($A45="","",CHOOSE(WEEKDAY($A45),"Domingo","Segunda-feira","Terça-feira","Quarta-feira","Quinta-feira","Sexta-feira","Sábado")) | D45: 3 | E45: =IFERROR(INDEX(Consolidado_Mensal!$B$2:$B$12,MATCH($B45,Consolidado_Mensal!$A$2:$A$12,0)),"") | F45: =IF($E45="","",SUMIFS($D$2:$D45,$B$2:$B45,$B45)/$E45) | G45: =IF($E45="","",MAX(0,$E45-SUMIFS($D$2:$D45,$B$2:$B45,$B45))) | T45: =IF($D45="","",IF(AND($D45=0,SUM($H45:$S45)=0),"OK",IF(SUM($H45:$S45)=0,"Sem detalhe",IF(AND(OR(SUM($H45:$I45)=$D45,SUM($H45:$I45)=0),OR(SUM($J45:$K45)=$D45,SUM($J45:$K45)=0),OR(SUM($L45:$S45)=$D45,SUM($L45:$S45)=0)),"OK","Verificar: "&IF(AND(SUM($H45:$I45)<>$D45,SUM($H45:$I45)<>0),"perfil ","")&IF(AND(SUM($J45:$K45)<>$D45,SUM($J45:$K45)<>0),"gênero ","")&IF(AND(SUM($L45:$S45)<>$D45,SUM($L45:$S45)<>0),"professor","")))))
A46: 46098 | B46: =IF($A46="","",CHOOSE(MONTH($A46),"Janeiro","Fevereiro","Março","Abril","Maio","Junho","Julho","Agosto","Setembro","Outubro","Novembro","Dezembro")) | C46: =IF($A46="","",CHOOSE(WEEKDAY($A46),"Domingo","Segunda-feira","Terça-feira","Quarta-feira","Quinta-feira","Sexta-feira","Sábado")) | D46: 4 | E46: =IFERROR(INDEX(Consolidado_Mensal!$B$2:$B$12,MATCH($B46,Consolidado_Mensal!$A$2:$A$12,0)),"") | F46: =IF($E46="","",SUMIFS($D$2:$D46,$B$2:$B46,$B46)/$E46) | G46: =IF($E46="","",MAX(0,$E46-SUMIFS($D$2:$D46,$B$2:$B46,$B46))) | T46: =IF($D46="","",IF(AND($D46=0,SUM($H46:$S46)=0),"OK",IF(SUM($H46:$S46)=0,"Sem detalhe",IF(AND(OR(SUM($H46:$I46)=$D46,SUM($H46:$I46)=0),OR(SUM($J46:$K46)=$D46,SUM($J46:$K46)=0),OR(SUM($L46:$S46)=$D46,SUM($L46:$S46)=0)),"OK","Verificar: "&IF(AND(SUM($H46:$I46)<>$D46,SUM($H46:$I46)<>0),"perfil ","")&IF(AND(SUM($J46:$K46)<>$D46,SUM($J46:$K46)<>0),"gênero ","")&IF(AND(SUM($L46:$S46)<>$D46,SUM($L46:$S46)<>0),"professor","")))))
A47: 46099 | B47: =IF($A47="","",CHOOSE(MONTH($A47),"Janeiro","Fevereiro","Março","Abril","Maio","Junho","Julho","Agosto","Setembro","Outubro","Novembro","Dezembro")) | C47: =IF($A47="","",CHOOSE(WEEKDAY($A47),"Domingo","Segunda-feira","Terça-feira","Quarta-feira","Quinta-feira","Sexta-feira","Sábado")) | D47: 4 | E47: =IFERROR(INDEX(Consolidado_Mensal!$B$2:$B$12,MATCH($B47,Consolidado_Mensal!$A$2:$A$12,0)),"") | F47: =IF($E47="","",SUMIFS($D$2:$D47,$B$2:$B47,$B47)/$E47) | G47: =IF($E47="","",MAX(0,$E47-SUMIFS($D$2:$D47,$B$2:$B47,$B47))) | T47: =IF($D47="","",IF(AND($D47=0,SUM($H47:$S47)=0),"OK",IF(SUM($H47:$S47)=0,"Sem detalhe",IF(AND(OR(SUM($H47:$I47)=$D47,SUM($H47:$I47)=0),OR(SUM($J47:$K47)=$D47,SUM($J47:$K47)=0),OR(SUM($L47:$S47)=$D47,SUM($L47:$S47)=0)),"OK","Verificar: "&IF(AND(SUM($H47:$I47)<>$D47,SUM($H47:$I47)<>0),"perfil ","")&IF(AND(SUM($J47:$K47)<>$D47,SUM($J47:$K47)<>0),"gênero ","")&IF(AND(SUM($L47:$S47)<>$D47,SUM($L47:$S47)<>0),"professor","")))))
A48: 46100 | B48: =IF($A48="","",CHOOSE(MONTH($A48),"Janeiro","Fevereiro","Março","Abril","Maio","Junho","Julho","Agosto","Setembro","Outubro","Novembro","Dezembro")) | C48: =IF($A48="","",CHOOSE(WEEKDAY($A48),"Domingo","Segunda-feira","Terça-feira","Quarta-feira","Quinta-feira","Sexta-feira","Sábado")) | D48: 1 | E48: =IFERROR(INDEX(Consolidado_Mensal!$B$2:$B$12,MATCH($B48,Consolidado_Mensal!$A$2:$A$12,0)),"") | F48: =IF($E48="","",SUMIFS($D$2:$D48,$B$2:$B48,$B48)/$E48) | G48: =IF($E48="","",MAX(0,$E48-SUMIFS($D$2:$D48,$B$2:$B48,$B48))) | T48: =IF($D48="","",IF(AND($D48=0,SUM($H48:$S48)=0),"OK",IF(SUM($H48:$S48)=0,"Sem detalhe",IF(AND(OR(SUM($H48:$I48)=$D48,SUM($H48:$I48)=0),OR(SUM($J48:$K48)=$D48,SUM($J48:$K48)=0),OR(SUM($L48:$S48)=$D48,SUM($L48:$S48)=0)),"OK","Verificar: "&IF(AND(SUM($H48:$I48)<>$D48,SUM($H48:$I48)<>0),"perfil ","")&IF(AND(SUM($J48:$K48)<>$D48,SUM($J48:$K48)<>0),"gênero ","")&IF(AND(SUM($L48:$S48)<>$D48,SUM($L48:$S48)<>0),"professor","")))))
A49: 46101 | B49: =IF($A49="","",CHOOSE(MONTH($A49),"Janeiro","Fevereiro","Março","Abril","Maio","Junho","Julho","Agosto","Setembro","Outubro","Novembro","Dezembro")) | C49: =IF($A49="","",CHOOSE(WEEKDAY($A49),"Domingo","Segunda-feira","Terça-feira","Quarta-feira","Quinta-feira","Sexta-feira","Sábado")) | E49: =IFERROR(INDEX(Consolidado_Mensal!$B$2:$B$12,MATCH($B49,Consolidado_Mensal!$A$2:$A$12,0)),"") | F49: =IF($E49="","",SUMIFS($D$2:$D49,$B$2:$B49,$B49)/$E49) | G49: =IF($E49="","",MAX(0,$E49-SUMIFS($D$2:$D49,$B$2:$B49,$B49))) | T49: =IF($D49="","",IF(AND($D49=0,SUM($H49:$S49)=0),"OK",IF(SUM($H49:$S49)=0,"Sem detalhe",IF(AND(OR(SUM($H49:$I49)=$D49,SUM($H49:$I49)=0),OR(SUM($J49:$K49)=$D49,SUM($J49:$K49)=0),OR(SUM($L49:$S49)=$D49,SUM($L49:$S49)=0)),"OK","Verificar: "&IF(AND(SUM($H49:$I49)<>$D49,SUM($H49:$I49)<>0),"perfil ","")&IF(AND(SUM($J49:$K49)<>$D49,SUM($J49:$K49)<>0),"gênero ","")&IF(AND(SUM($L49:$S49)<>$D49,SUM($L49:$S49)<>0),"professor","")))))
A50: 46102 | B50: =IF($A50="","",CHOOSE(MONTH($A50),"Janeiro","Fevereiro","Março","Abril","Maio","Junho","Julho","Agosto","Setembro","Outubro","Novembro","Dezembro")) | C50: =IF($A50="","",CHOOSE(WEEKDAY($A50),"Domingo","Segunda-feira","Terça-feira","Quarta-feira","Quinta-feira","Sexta-feira","Sábado")) | E50: =IFERROR(INDEX(Consolidado_Mensal!$B$2:$B$12,MATCH($B50,Consolidado_Mensal!$A$2:$A$12,0)),"") | F50: =IF($E50="","",SUMIFS($D$2:$D50,$B$2:$B50,$B50)/$E50) | G50: =IF($E50="","",MAX(0,$E50-SUMIFS($D$2:$D50,$B$2:$B50,$B50))) | T50: =IF($D50="","",IF(AND($D50=0,SUM($H50:$S50)=0),"OK",IF(SUM($H50:$S50)=0,"Sem detalhe",IF(AND(OR(SUM($H50:$I50)=$D50,SUM($H50:$I50)=0),OR(SUM($J50:$K50)=$D50,SUM($J50:$K50)=0),OR(SUM($L50:$S50)=$D50,SUM($L50:$S50)=0)),"OK","Verificar: "&IF(AND(SUM($H50:$I50)<>$D50,SUM($H50:$I50)<>0),"perfil ","")&IF(AND(SUM($J50:$K50)<>$D50,SUM($J50:$K50)<>0),"gênero ","")&IF(AND(SUM($L50:$S50)<>$D50,SUM($L50:$S50)<>0),"professor","")))))
A51: 46103 | B51: =IF($A51="","",CHOOSE(MONTH($A51),"Janeiro","Fevereiro","Março","Abril","Maio","Junho","Julho","Agosto","Setembro","Outubro","Novembro","Dezembro")) | C51: =IF($A51="","",CHOOSE(WEEKDAY($A51),"Domingo","Segunda-feira","Terça-feira","Quarta-feira","Quinta-feira","Sexta-feira","Sábado")) | E51: =IFERROR(INDEX(Consolidado_Mensal!$B$2:$B$12,MATCH($B51,Consolidado_Mensal!$A$2:$A$12,0)),"") | F51: =IF($E51="","",SUMIFS($D$2:$D51,$B$2:$B51,$B51)/$E51) | G51: =IF($E51="","",MAX(0,$E51-SUMIFS($D$2:$D51,$B$2:$B51,$B51))) | T51: =IF($D51="","",IF(AND($D51=0,SUM($H51:$S51)=0),"OK",IF(SUM($H51:$S51)=0,"Sem detalhe",IF(AND(OR(SUM($H51:$I51)=$D51,SUM($H51:$I51)=0),OR(SUM($J51:$K51)=$D51,SUM($J51:$K51)=0),OR(SUM($L51:$S51)=$D51,SUM($L51:$S51)=0)),"OK","Verificar: "&IF(AND(SUM($H51:$I51)<>$D51,SUM($H51:$I51)<>0),"perfil ","")&IF(AND(SUM($J51:$K51)<>$D51,SUM($J51:$K51)<>0),"gênero ","")&IF(AND(SUM($L51:$S51)<>$D51,SUM($L51:$S51)<>0),"professor","")))))
A52: 46104 | B52: =IF($A52="","",CHOOSE(MONTH($A52),"Janeiro","Fevereiro","Março","Abril","Maio","Junho","Julho","Agosto","Setembro","Outubro","Novembro","Dezembro")) | C52: =IF($A52="","",CHOOSE(WEEKDAY($A52),"Domingo","Segunda-feira","Terça-feira","Quarta-feira","Quinta-feira","Sexta-feira","Sábado")) | E52: =IFERROR(INDEX(Consolidado_Mensal!$B$2:$B$12,MATCH($B52,Consolidado_Mensal!$A$2:$A$12,0)),"") | F52: =IF($E52="","",SUMIFS($D$2:$D52,$B$2:$B52,$B52)/$E52) | G52: =IF($E52="","",MAX(0,$E52-SUMIFS($D$2:$D52,$B$2:$B52,$B52))) | T52: =IF($D52="","",IF(AND($D52=0,SUM($H52:$S52)=0),"OK",IF(SUM($H52:$S52)=0,"Sem detalhe",IF(AND(OR(SUM($H52:$I52)=$D52,SUM($H52:$I52)=0),OR(SUM($J52:$K52)=$D52,SUM($J52:$K52)=0),OR(SUM($L52:$S52)=$D52,SUM($L52:$S52)=0)),"OK","Verificar: "&IF(AND(SUM($H52:$I52)<>$D52,SUM($H52:$I52)<>0),"perfil ","")&IF(AND(SUM($J52:$K52)<>$D52,SUM($J52:$K52)<>0),"gênero ","")&IF(AND(SUM($L52:$S52)<>$D52,SUM($L52:$S52)<>0),"professor","")))))
A53: 46105 | B53: =IF($A53="","",CHOOSE(MONTH($A53),"Janeiro","Fevereiro","Março","Abril","Maio","Junho","Julho","Agosto","Setembro","Outubro","Novembro","Dezembro")) | C53: =IF($A53="","",CHOOSE(WEEKDAY($A53),"Domingo","Segunda-feira","Terça-feira","Quarta-feira","Quinta-feira","Sexta-feira","Sábado")) | D53: 2 | E53: =IFERROR(INDEX(Consolidado_Mensal!$B$2:$B$12,MATCH($B53,Consolidado_Mensal!$A$2:$A$12,0)),"") | F53: =IF($E53="","",SUMIFS($D$2:$D53,$B$2:$B53,$B53)/$E53) | G53: =IF($E53="","",MAX(0,$E53-SUMIFS($D$2:$D53,$B$2:$B53,$B53))) | T53: =IF($D53="","",IF(AND($D53=0,SUM($H53:$S53)=0),"OK",IF(SUM($H53:$S53)=0,"Sem detalhe",IF(AND(OR(SUM($H53:$I53)=$D53,SUM($H53:$I53)=0),OR(SUM($J53:$K53)=$D53,SUM($J53:$K53)=0),OR(SUM($L53:$S53)=$D53,SUM($L53:$S53)=0)),"OK","Verificar: "&IF(AND(SUM($H53:$I53)<>$D53,SUM($H53:$I53)<>0),"perfil ","")&IF(AND(SUM($J53:$K53)<>$D53,SUM($J53:$K53)<>0),"gênero ","")&IF(AND(SUM($L53:$S53)<>$D53,SUM($L53:$S53)<>0),"professor","")))))
A54: 46106 | B54: =IF($A54="","",CHOOSE(MONTH($A54),"Janeiro","Fevereiro","Março","Abril","Maio","Junho","Julho","Agosto","Setembro","Outubro","Novembro","Dezembro")) | C54: =IF($A54="","",CHOOSE(WEEKDAY($A54),"Domingo","Segunda-feira","Terça-feira","Quarta-feira","Quinta-feira","Sexta-feira","Sábado")) | D54: 1 | E54: =IFERROR(INDEX(Consolidado_Mensal!$B$2:$B$12,MATCH($B54,Consolidado_Mensal!$A$2:$A$12,0)),"") | F54: =IF($E54="","",SUMIFS($D$2:$D54,$B$2:$B54,$B54)/$E54) | G54: =IF($E54="","",MAX(0,$E54-SUMIFS($D$2:$D54,$B$2:$B54,$B54))) | T54: =IF($D54="","",IF(AND($D54=0,SUM($H54:$S54)=0),"OK",IF(SUM($H54:$S54)=0,"Sem detalhe",IF(AND(OR(SUM($H54:$I54)=$D54,SUM($H54:$I54)=0),OR(SUM($J54:$K54)=$D54,SUM($J54:$K54)=0),OR(SUM($L54:$S54)=$D54,SUM($L54:$S54)=0)),"OK","Verificar: "&IF(AND(SUM($H54:$I54)<>$D54,SUM($H54:$I54)<>0),"perfil ","")&IF(AND(SUM($J54:$K54)<>$D54,SUM($J54:$K54)<>0),"gênero ","")&IF(AND(SUM($L54:$S54)<>$D54,SUM($L54:$S54)<>0),"professor","")))))
A55: 46107 | B55: =IF($A55="","",CHOOSE(MONTH($A55),"Janeiro","Fevereiro","Março","Abril","Maio","Junho","Julho","Agosto","Setembro","Outubro","Novembro","Dezembro")) | C55: =IF($A55="","",CHOOSE(WEEKDAY($A55),"Domingo","Segunda-feira","Terça-feira","Quarta-feira","Quinta-feira","Sexta-feira","Sábado")) | D55: 1 | E55: =IFERROR(INDEX(Consolidado_Mensal!$B$2:$B$12,MATCH($B55,Consolidado_Mensal!$A$2:$A$12,0)),"") | F55: =IF($E55="","",SUMIFS($D$2:$D55,$B$2:$B55,$B55)/$E55) | G55: =IF($E55="","",MAX(0,$E55-SUMIFS($D$2:$D55,$B$2:$B55,$B55))) | T55: =IF($D55="","",IF(AND($D55=0,SUM($H55:$S55)=0),"OK",IF(SUM($H55:$S55)=0,"Sem detalhe",IF(AND(OR(SUM($H55:$I55)=$D55,SUM($H55:$I55)=0),OR(SUM($J55:$K55)=$D55,SUM($J55:$K55)=0),OR(SUM($L55:$S55)=$D55,SUM($L55:$S55)=0)),"OK","Verificar: "&IF(AND(SUM($H55:$I55)<>$D55,SUM($H55:$I55)<>0),"perfil ","")&IF(AND(SUM($J55:$K55)<>$D55,SUM($J55:$K55)<>0),"gênero ","")&IF(AND(SUM($L55:$S55)<>$D55,SUM($L55:$S55)<>0),"professor","")))))
A56: 46108 | B56: =IF($A56="","",CHOOSE(MONTH($A56),"Janeiro","Fevereiro","Março","Abril","Maio","Junho","Julho","Agosto","Setembro","Outubro","Novembro","Dezembro")) | C56: =IF($A56="","",CHOOSE(WEEKDAY($A56),"Domingo","Segunda-feira","Terça-feira","Quarta-feira","Quinta-feira","Sexta-feira","Sábado")) | E56: =IFERROR(INDEX(Consolidado_Mensal!$B$2:$B$12,MATCH($B56,Consolidado_Mensal!$A$2:$A$12,0)),"") | F56: =IF($E56="","",SUMIFS($D$2:$D56,$B$2:$B56,$B56)/$E56) | G56: =IF($E56="","",MAX(0,$E56-SUMIFS($D$2:$D56,$B$2:$B56,$B56))) | T56: =IF($D56="","",IF(AND($D56=0,SUM($H56:$S56)=0),"OK",IF(SUM($H56:$S56)=0,"Sem detalhe",IF(AND(OR(SUM($H56:$I56)=$D56,SUM($H56:$I56)=0),OR(SUM($J56:$K56)=$D56,SUM($J56:$K56)=0),OR(SUM($L56:$S56)=$D56,SUM($L56:$S56)=0)),"OK","Verificar: "&IF(AND(SUM($H56:$I56)<>$D56,SUM($H56:$I56)<>0),"perfil ","")&IF(AND(SUM($J56:$K56)<>$D56,SUM($J56:$K56)<>0),"gênero ","")&IF(AND(SUM($L56:$S56)<>$D56,SUM($L56:$S56)<>0),"professor","")))))
A57: 46109 | B57: =IF($A57="","",CHOOSE(MONTH($A57),"Janeiro","Fevereiro","Março","Abril","Maio","Junho","Julho","Agosto","Setembro","Outubro","Novembro","Dezembro")) | C57: =IF($A57="","",CHOOSE(WEEKDAY($A57),"Domingo","Segunda-feira","Terça-feira","Quarta-feira","Quinta-feira","Sexta-feira","Sábado")) | E57: =IFERROR(INDEX(Consolidado_Mensal!$B$2:$B$12,MATCH($B57,Consolidado_Mensal!$A$2:$A$12,0)),"") | F57: =IF($E57="","",SUMIFS($D$2:$D57,$B$2:$B57,$B57)/$E57) | G57: =IF($E57="","",MAX(0,$E57-SUMIFS($D$2:$D57,$B$2:$B57,$B57))) | T57: =IF($D57="","",IF(AND($D57=0,SUM($H57:$S57)=0),"OK",IF(SUM($H57:$S57)=0,"Sem detalhe",IF(AND(OR(SUM($H57:$I57)=$D57,SUM($H57:$I57)=0),OR(SUM($J57:$K57)=$D57,SUM($J57:$K57)=0),OR(SUM($L57:$S57)=$D57,SUM($L57:$S57)=0)),"OK","Verificar: "&IF(AND(SUM($H57:$I57)<>$D57,SUM($H57:$I57)<>0),"perfil ","")&IF(AND(SUM($J57:$K57)<>$D57,SUM($J57:$K57)<>0),"gênero ","")&IF(AND(SUM($L57:$S57)<>$D57,SUM($L57:$S57)<>0),"professor","")))))
A58: 46110 | B58: =IF($A58="","",CHOOSE(MONTH($A58),"Janeiro","Fevereiro","Março","Abril","Maio","Junho","Julho","Agosto","Setembro","Outubro","Novembro","Dezembro")) | C58: =IF($A58="","",CHOOSE(WEEKDAY($A58),"Domingo","Segunda-feira","Terça-feira","Quarta-feira","Quinta-feira","Sexta-feira","Sábado")) | E58: =IFERROR(INDEX(Consolidado_Mensal!$B$2:$B$12,MATCH($B58,Consolidado_Mensal!$A$2:$A$12,0)),"") | F58: =IF($E58="","",SUMIFS($D$2:$D58,$B$2:$B58,$B58)/$E58) | G58: =IF($E58="","",MAX(0,$E58-SUMIFS($D$2:$D58,$B$2:$B58,$B58))) | T58: =IF($D58="","",IF(AND($D58=0,SUM($H58:$S58)=0),"OK",IF(SUM($H58:$S58)=0,"Sem detalhe",IF(AND(OR(SUM($H58:$I58)=$D58,SUM($H58:$I58)=0),OR(SUM($J58:$K58)=$D58,SUM($J58:$K58)=0),OR(SUM($L58:$S58)=$D58,SUM($L58:$S58)=0)),"OK","Verificar: "&IF(AND(SUM($H58:$I58)<>$D58,SUM($H58:$I58)<>0),"perfil ","")&IF(AND(SUM($J58:$K58)<>$D58,SUM($J58:$K58)<>0),"gênero ","")&IF(AND(SUM($L58:$S58)<>$D58,SUM($L58:$S58)<>0),"professor","")))))
A59: 46111 | B59: =IF($A59="","",CHOOSE(MONTH($A59),"Janeiro","Fevereiro","Março","Abril","Maio","Junho","Julho","Agosto","Setembro","Outubro","Novembro","Dezembro")) | C59: =IF($A59="","",CHOOSE(WEEKDAY($A59),"Domingo","Segunda-feira","Terça-feira","Quarta-feira","Quinta-feira","Sexta-feira","Sábado")) | D59: 3 | E59: =IFERROR(INDEX(Consolidado_Mensal!$B$2:$B$12,MATCH($B59,Consolidado_Mensal!$A$2:$A$12,0)),"") | F59: =IF($E59="","",SUMIFS($D$2:$D59,$B$2:$B59,$B59)/$E59) | G59: =IF($E59="","",MAX(0,$E59-SUMIFS($D$2:$D59,$B$2:$B59,$B59))) | T59: =IF($D59="","",IF(AND($D59=0,SUM($H59:$S59)=0),"OK",IF(SUM($H59:$S59)=0,"Sem detalhe",IF(AND(OR(SUM($H59:$I59)=$D59,SUM($H59:$I59)=0),OR(SUM($J59:$K59)=$D59,SUM($J59:$K59)=0),OR(SUM($L59:$S59)=$D59,SUM($L59:$S59)=0)),"OK","Verificar: "&IF(AND(SUM($H59:$I59)<>$D59,SUM($H59:$I59)<>0),"perfil ","")&IF(AND(SUM($J59:$K59)<>$D59,SUM($J59:$K59)<>0),"gênero ","")&IF(AND(SUM($L59:$S59)<>$D59,SUM($L59:$S59)<>0),"professor","")))))
A60: 46112 | B60: =IF($A60="","",CHOOSE(MONTH($A60),"Janeiro","Fevereiro","Março","Abril","Maio","Junho","Julho","Agosto","Setembro","Outubro","Novembro","Dezembro")) | C60: =IF($A60="","",CHOOSE(WEEKDAY($A60),"Domingo","Segunda-feira","Terça-feira","Quarta-feira","Quinta-feira","Sexta-feira","Sábado")) | D60: 5 | E60: =IFERROR(INDEX(Consolidado_Mensal!$B$2:$B$12,MATCH($B60,Consolidado_Mensal!$A$2:$A$12,0)),"") | F60: =IF($E60="","",SUMIFS($D$2:$D60,$B$2:$B60,$B60)/$E60) | G60: =IF($E60="","",MAX(0,$E60-SUMIFS($D$2:$D60,$B$2:$B60,$B60))) | T60: =IF($D60="","",IF(AND($D60=0,SUM($H60:$S60)=0),"OK",IF(SUM($H60:$S60)=0,"Sem detalhe",IF(AND(OR(SUM($H60:$I60)=$D60,SUM($H60:$I60)=0),OR(SUM($J60:$K60)=$D60,SUM($J60:$K60)=0),OR(SUM($L60:$S60)=$D60,SUM($L60:$S60)=0)),"OK","Verificar: "&IF(AND(SUM($H60:$I60)<>$D60,SUM($H60:$I60)<>0),"perfil ","")&IF(AND(SUM($J60:$K60)<>$D60,SUM($J60:$K60)<>0),"gênero ","")&IF(AND(SUM($L60:$S60)<>$D60,SUM($L60:$S60)<>0),"professor","")))))
A61: 46113 | B61: =IF($A61="","",CHOOSE(MONTH($A61),"Janeiro","Fevereiro","Março","Abril","Maio","Junho","Julho","Agosto","Setembro","Outubro","Novembro","Dezembro")) | C61: =IF($A61="","",CHOOSE(WEEKDAY($A61),"Domingo","Segunda-feira","Terça-feira","Quarta-feira","Quinta-feira","Sexta-feira","Sábado")) | D61: 1 | E61: =IFERROR(INDEX(Consolidado_Mensal!$B$2:$B$12,MATCH($B61,Consolidado_Mensal!$A$2:$A$12,0)),"") | F61: =IF($E61="","",SUMIFS($D$2:$D61,$B$2:$B61,$B61)/$E61) | G61: =IF($E61="","",MAX(0,$E61-SUMIFS($D$2:$D61,$B$2:$B61,$B61))) | T61: =IF($D61="","",IF(AND($D61=0,SUM($H61:$S61)=0),"OK",IF(SUM($H61:$S61)=0,"Sem detalhe",IF(AND(OR(SUM($H61:$I61)=$D61,SUM($H61:$I61)=0),OR(SUM($J61:$K61)=$D61,SUM($J61:$K61)=0),OR(SUM($L61:$S61)=$D61,SUM($L61:$S61)=0)),"OK","Verificar: "&IF(AND(SUM($H61:$I61)<>$D61,SUM($H61:$I61)<>0),"perfil ","")&IF(AND(SUM($J61:$K61)<>$D61,SUM($J61:$K61)<>0),"gênero ","")&IF(AND(SUM($L61:$S61)<>$D61,SUM($L61:$S61)<>0),"professor","")))))
A62: 46114 | B62: =IF($A62="","",CHOOSE(MONTH($A62),"Janeiro","Fevereiro","Março","Abril","Maio","Junho","Julho","Agosto","Setembro","Outubro","Novembro","Dezembro")) | C62: =IF($A62="","",CHOOSE(WEEKDAY($A62),"Domingo","Segunda-feira","Terça-feira","Quarta-feira","Quinta-feira","Sexta-feira","Sábado")) | D62: 3 | E62: =IFERROR(INDEX(Consolidado_Mensal!$B$2:$B$12,MATCH($B62,Consolidado_Mensal!$A$2:$A$12,0)),"") | F62: =IF($E62="","",SUMIFS($D$2:$D62,$B$2:$B62,$B62)/$E62) | G62: =IF($E62="","",MAX(0,$E62-SUMIFS($D$2:$D62,$B$2:$B62,$B62))) | T62: =IF($D62="","",IF(AND($D62=0,SUM($H62:$S62)=0),"OK",IF(SUM($H62:$S62)=0,"Sem detalhe",IF(AND(OR(SUM($H62:$I62)=$D62,SUM($H62:$I62)=0),OR(SUM($J62:$K62)=$D62,SUM($J62:$K62)=0),OR(SUM($L62:$S62)=$D62,SUM($L62:$S62)=0)),"OK","Verificar: "&IF(AND(SUM($H62:$I62)<>$D62,SUM($H62:$I62)<>0),"perfil ","")&IF(AND(SUM($J62:$K62)<>$D62,SUM($J62:$K62)<>0),"gênero ","")&IF(AND(SUM($L62:$S62)<>$D62,SUM($L62:$S62)<>0),"professor","")))))
A63: 46115 | B63: =IF($A63="","",CHOOSE(MONTH($A63),"Janeiro","Fevereiro","Março","Abril","Maio","Junho","Julho","Agosto","Setembro","Outubro","Novembro","Dezembro")) | C63: =IF($A63="","",CHOOSE(WEEKDAY($A63),"Domingo","Segunda-feira","Terça-feira","Quarta-feira","Quinta-feira","Sexta-feira","Sábado")) | E63: =IFERROR(INDEX(Consolidado_Mensal!$B$2:$B$12,MATCH($B63,Consolidado_Mensal!$A$2:$A$12,0)),"") | F63: =IF($E63="","",SUMIFS($D$2:$D63,$B$2:$B63,$B63)/$E63) | G63: =IF($E63="","",MAX(0,$E63-SUMIFS($D$2:$D63,$B$2:$B63,$B63))) | T63: =IF($D63="","",IF(AND($D63=0,SUM($H63:$S63)=0),"OK",IF(SUM($H63:$S63)=0,"Sem detalhe",IF(AND(OR(SUM($H63:$I63)=$D63,SUM($H63:$I63)=0),OR(SUM($J63:$K63)=$D63,SUM($J63:$K63)=0),OR(SUM($L63:$S63)=$D63,SUM($L63:$S63)=0)),"OK","Verificar: "&IF(AND(SUM($H63:$I63)<>$D63,SUM($H63:$I63)<>0),"perfil ","")&IF(AND(SUM($J63:$K63)<>$D63,SUM($J63:$K63)<>0),"gênero ","")&IF(AND(SUM($L63:$S63)<>$D63,SUM($L63:$S63)<>0),"professor","")))))
A64: 46116 | B64: =IF($A64="","",CHOOSE(MONTH($A64),"Janeiro","Fevereiro","Março","Abril","Maio","Junho","Julho","Agosto","Setembro","Outubro","Novembro","Dezembro")) | C64: =IF($A64="","",CHOOSE(WEEKDAY($A64),"Domingo","Segunda-feira","Terça-feira","Quarta-feira","Quinta-feira","Sexta-feira","Sábado")) | E64: =IFERROR(INDEX(Consolidado_Mensal!$B$2:$B$12,MATCH($B64,Consolidado_Mensal!$A$2:$A$12,0)),"") | F64: =IF($E64="","",SUMIFS($D$2:$D64,$B$2:$B64,$B64)/$E64) | G64: =IF($E64="","",MAX(0,$E64-SUMIFS($D$2:$D64,$B$2:$B64,$B64))) | T64: =IF($D64="","",IF(AND($D64=0,SUM($H64:$S64)=0),"OK",IF(SUM($H64:$S64)=0,"Sem detalhe",IF(AND(OR(SUM($H64:$I64)=$D64,SUM($H64:$I64)=0),OR(SUM($J64:$K64)=$D64,SUM($J64:$K64)=0),OR(SUM($L64:$S64)=$D64,SUM($L64:$S64)=0)),"OK","Verificar: "&IF(AND(SUM($H64:$I64)<>$D64,SUM($H64:$I64)<>0),"perfil ","")&IF(AND(SUM($J64:$K64)<>$D64,SUM($J64:$K64)<>0),"gênero ","")&IF(AND(SUM($L64:$S64)<>$D64,SUM($L64:$S64)<>0),"professor","")))))
A65: 46117 | B65: =IF($A65="","",CHOOSE(MONTH($A65),"Janeiro","Fevereiro","Março","Abril","Maio","Junho","Julho","Agosto","Setembro","Outubro","Novembro","Dezembro")) | C65: =IF($A65="","",CHOOSE(WEEKDAY($A65),"Domingo","Segunda-feira","Terça-feira","Quarta-feira","Quinta-feira","Sexta-feira","Sábado")) | E65: =IFERROR(INDEX(Consolidado_Mensal!$B$2:$B$12,MATCH($B65,Consolidado_Mensal!$A$2:$A$12,0)),"") | F65: =IF($E65="","",SUMIFS($D$2:$D65,$B$2:$B65,$B65)/$E65) | G65: =IF($E65="","",MAX(0,$E65-SUMIFS($D$2:$D65,$B$2:$B65,$B65))) | T65: =IF($D65="","",IF(AND($D65=0,SUM($H65:$S65)=0),"OK",IF(SUM($H65:$S65)=0,"Sem detalhe",IF(AND(OR(SUM($H65:$I65)=$D65,SUM($H65:$I65)=0),OR(SUM($J65:$K65)=$D65,SUM($J65:$K65)=0),OR(SUM($L65:$S65)=$D65,SUM($L65:$S65)=0)),"OK","Verificar: "&IF(AND(SUM($H65:$I65)<>$D65,SUM($H65:$I65)<>0),"perfil ","")&IF(AND(SUM($J65:$K65)<>$D65,SUM($J65:$K65)<>0),"gênero ","")&IF(AND(SUM($L65:$S65)<>$D65,SUM($L65:$S65)<>0),"professor","")))))
A66: 46118 | B66: =IF($A66="","",CHOOSE(MONTH($A66),"Janeiro","Fevereiro","Março","Abril","Maio","Junho","Julho","Agosto","Setembro","Outubro","Novembro","Dezembro")) | C66: =IF($A66="","",CHOOSE(WEEKDAY($A66),"Domingo","Segunda-feira","Terça-feira","Quarta-feira","Quinta-feira","Sexta-feira","Sábado")) | D66: 1 | E66: =IFERROR(INDEX(Consolidado_Mensal!$B$2:$B$12,MATCH($B66,Consolidado_Mensal!$A$2:$A$12,0)),"") | F66: =IF($E66="","",SUMIFS($D$2:$D66,$B$2:$B66,$B66)/$E66) | G66: =IF($E66="","",MAX(0,$E66-SUMIFS($D$2:$D66,$B$2:$B66,$B66))) | T66: =IF($D66="","",IF(AND($D66=0,SUM($H66:$S66)=0),"OK",IF(SUM($H66:$S66)=0,"Sem detalhe",IF(AND(OR(SUM($H66:$I66)=$D66,SUM($H66:$I66)=0),OR(SUM($J66:$K66)=$D66,SUM($J66:$K66)=0),OR(SUM($L66:$S66)=$D66,SUM($L66:$S66)=0)),"OK","Verificar: "&IF(AND(SUM($H66:$I66)<>$D66,SUM($H66:$I66)<>0),"perfil ","")&IF(AND(SUM($J66:$K66)<>$D66,SUM($J66:$K66)<>0),"gênero ","")&IF(AND(SUM($L66:$S66)<>$D66,SUM($L66:$S66)<>0),"professor","")))))
A67: 46119 | B67: =IF($A67="","",CHOOSE(MONTH($A67),"Janeiro","Fevereiro","Março","Abril","Maio","Junho","Julho","Agosto","Setembro","Outubro","Novembro","Dezembro")) | C67: =IF($A67="","",CHOOSE(WEEKDAY($A67),"Domingo","Segunda-feira","Terça-feira","Quarta-feira","Quinta-feira","Sexta-feira","Sábado")) | D67: 7 | E67: =IFERROR(INDEX(Consolidado_Mensal!$B$2:$B$12,MATCH($B67,Consolidado_Mensal!$A$2:$A$12,0)),"") | F67: =IF($E67="","",SUMIFS($D$2:$D67,$B$2:$B67,$B67)/$E67) | G67: =IF($E67="","",MAX(0,$E67-SUMIFS($D$2:$D67,$B$2:$B67,$B67))) | T67: =IF($D67="","",IF(AND($D67=0,SUM($H67:$S67)=0),"OK",IF(SUM($H67:$S67)=0,"Sem detalhe",IF(AND(OR(SUM($H67:$I67)=$D67,SUM($H67:$I67)=0),OR(SUM($J67:$K67)=$D67,SUM($J67:$K67)=0),OR(SUM($L67:$S67)=$D67,SUM($L67:$S67)=0)),"OK","Verificar: "&IF(AND(SUM($H67:$I67)<>$D67,SUM($H67:$I67)<>0),"perfil ","")&IF(AND(SUM($J67:$K67)<>$D67,SUM($J67:$K67)<>0),"gênero ","")&IF(AND(SUM($L67:$S67)<>$D67,SUM($L67:$S67)<>0),"professor","")))))
A68: 46120 | B68: =IF($A68="","",CHOOSE(MONTH($A68),"Janeiro","Fevereiro","Março","Abril","Maio","Junho","Julho","Agosto","Setembro","Outubro","Novembro","Dezembro")) | C68: =IF($A68="","",CHOOSE(WEEKDAY($A68),"Domingo","Segunda-feira","Terça-feira","Quarta-feira","Quinta-feira","Sexta-feira","Sábado")) | D68: 4 | E68: =IFERROR(INDEX(Consolidado_Mensal!$B$2:$B$12,MATCH($B68,Consolidado_Mensal!$A$2:$A$12,0)),"") | F68: =IF($E68="","",SUMIFS($D$2:$D68,$B$2:$B68,$B68)/$E68) | G68: =IF($E68="","",MAX(0,$E68-SUMIFS($D$2:$D68,$B$2:$B68,$B68))) | T68: =IF($D68="","",IF(AND($D68=0,SUM($H68:$S68)=0),"OK",IF(SUM($H68:$S68)=0,"Sem detalhe",IF(AND(OR(SUM($H68:$I68)=$D68,SUM($H68:$I68)=0),OR(SUM($J68:$K68)=$D68,SUM($J68:$K68)=0),OR(SUM($L68:$S68)=$D68,SUM($L68:$S68)=0)),"OK","Verificar: "&IF(AND(SUM($H68:$I68)<>$D68,SUM($H68:$I68)<>0),"perfil ","")&IF(AND(SUM($J68:$K68)<>$D68,SUM($J68:$K68)<>0),"gênero ","")&IF(AND(SUM($L68:$S68)<>$D68,SUM($L68:$S68)<>0),"professor","")))))
A69: 46121 | B69: =IF($A69="","",CHOOSE(MONTH($A69),"Janeiro","Fevereiro","Março","Abril","Maio","Junho","Julho","Agosto","Setembro","Outubro","Novembro","Dezembro")) | C69: =IF($A69="","",CHOOSE(WEEKDAY($A69),"Domingo","Segunda-feira","Terça-feira","Quarta-feira","Quinta-feira","Sexta-feira","Sábado")) | D69: 4 | E69: =IFERROR(INDEX(Consolidado_Mensal!$B$2:$B$12,MATCH($B69,Consolidado_Mensal!$A$2:$A$12,0)),"") | F69: =IF($E69="","",SUMIFS($D$2:$D69,$B$2:$B69,$B69)/$E69) | G69: =IF($E69="","",MAX(0,$E69-SUMIFS($D$2:$D69,$B$2:$B69,$B69))) | T69: =IF($D69="","",IF(AND($D69=0,SUM($H69:$S69)=0),"OK",IF(SUM($H69:$S69)=0,"Sem detalhe",IF(AND(OR(SUM($H69:$I69)=$D69,SUM($H69:$I69)=0),OR(SUM($J69:$K69)=$D69,SUM($J69:$K69)=0),OR(SUM($L69:$S69)=$D69,SUM($L69:$S69)=0)),"OK","Verificar: "&IF(AND(SUM($H69:$I69)<>$D69,SUM($H69:$I69)<>0),"perfil ","")&IF(AND(SUM($J69:$K69)<>$D69,SUM($J69:$K69)<>0),"gênero ","")&IF(AND(SUM($L69:$S69)<>$D69,SUM($L69:$S69)<>0),"professor","")))))
A70: 46122 | B70: =IF($A70="","",CHOOSE(MONTH($A70),"Janeiro","Fevereiro","Março","Abril","Maio","Junho","Julho","Agosto","Setembro","Outubro","Novembro","Dezembro")) | C70: =IF($A70="","",CHOOSE(WEEKDAY($A70),"Domingo","Segunda-feira","Terça-feira","Quarta-feira","Quinta-feira","Sexta-feira","Sábado")) | E70: =IFERROR(INDEX(Consolidado_Mensal!$B$2:$B$12,MATCH($B70,Consolidado_Mensal!$A$2:$A$12,0)),"") | F70: =IF($E70="","",SUMIFS($D$2:$D70,$B$2:$B70,$B70)/$E70) | G70: =IF($E70="","",MAX(0,$E70-SUMIFS($D$2:$D70,$B$2:$B70,$B70))) | T70: =IF($D70="","",IF(AND($D70=0,SUM($H70:$S70)=0),"OK",IF(SUM($H70:$S70)=0,"Sem detalhe",IF(AND(OR(SUM($H70:$I70)=$D70,SUM($H70:$I70)=0),OR(SUM($J70:$K70)=$D70,SUM($J70:$K70)=0),OR(SUM($L70:$S70)=$D70,SUM($L70:$S70)=0)),"OK","Verificar: "&IF(AND(SUM($H70:$I70)<>$D70,SUM($H70:$I70)<>0),"perfil ","")&IF(AND(SUM($J70:$K70)<>$D70,SUM($J70:$K70)<>0),"gênero ","")&IF(AND(SUM($L70:$S70)<>$D70,SUM($L70:$S70)<>0),"professor","")))))
A71: 46123 | B71: =IF($A71="","",CHOOSE(MONTH($A71),"Janeiro","Fevereiro","Março","Abril","Maio","Junho","Julho","Agosto","Setembro","Outubro","Novembro","Dezembro")) | C71: =IF($A71="","",CHOOSE(WEEKDAY($A71),"Domingo","Segunda-feira","Terça-feira","Quarta-feira","Quinta-feira","Sexta-feira","Sábado")) | E71: =IFERROR(INDEX(Consolidado_Mensal!$B$2:$B$12,MATCH($B71,Consolidado_Mensal!$A$2:$A$12,0)),"") | F71: =IF($E71="","",SUMIFS($D$2:$D71,$B$2:$B71,$B71)/$E71) | G71: =IF($E71="","",MAX(0,$E71-SUMIFS($D$2:$D71,$B$2:$B71,$B71))) | T71: =IF($D71="","",IF(AND($D71=0,SUM($H71:$S71)=0),"OK",IF(SUM($H71:$S71)=0,"Sem detalhe",IF(AND(OR(SUM($H71:$I71)=$D71,SUM($H71:$I71)=0),OR(SUM($J71:$K71)=$D71,SUM($J71:$K71)=0),OR(SUM($L71:$S71)=$D71,SUM($L71:$S71)=0)),"OK","Verificar: "&IF(AND(SUM($H71:$I71)<>$D71,SUM($H71:$I71)<>0),"perfil ","")&IF(AND(SUM($J71:$K71)<>$D71,SUM($J71:$K71)<>0),"gênero ","")&IF(AND(SUM($L71:$S71)<>$D71,SUM($L71:$S71)<>0),"professor","")))))
A72: 46124 | B72: =IF($A72="","",CHOOSE(MONTH($A72),"Janeiro","Fevereiro","Março","Abril","Maio","Junho","Julho","Agosto","Setembro","Outubro","Novembro","Dezembro")) | C72: =IF($A72="","",CHOOSE(WEEKDAY($A72),"Domingo","Segunda-feira","Terça-feira","Quarta-feira","Quinta-feira","Sexta-feira","Sábado")) | E72: =IFERROR(INDEX(Consolidado_Mensal!$B$2:$B$12,MATCH($B72,Consolidado_Mensal!$A$2:$A$12,0)),"") | F72: =IF($E72="","",SUMIFS($D$2:$D72,$B$2:$B72,$B72)/$E72) | G72: =IF($E72="","",MAX(0,$E72-SUMIFS($D$2:$D72,$B$2:$B72,$B72))) | T72: =IF($D72="","",IF(AND($D72=0,SUM($H72:$S72)=0),"OK",IF(SUM($H72:$S72)=0,"Sem detalhe",IF(AND(OR(SUM($H72:$I72)=$D72,SUM($H72:$I72)=0),OR(SUM($J72:$K72)=$D72,SUM($J72:$K72)=0),OR(SUM($L72:$S72)=$D72,SUM($L72:$S72)=0)),"OK","Verificar: "&IF(AND(SUM($H72:$I72)<>$D72,SUM($H72:$I72)<>0),"perfil ","")&IF(AND(SUM($J72:$K72)<>$D72,SUM($J72:$K72)<>0),"gênero ","")&IF(AND(SUM($L72:$S72)<>$D72,SUM($L72:$S72)<>0),"professor","")))))
A73: 46125 | B73: =IF($A73="","",CHOOSE(MONTH($A73),"Janeiro","Fevereiro","Março","Abril","Maio","Junho","Julho","Agosto","Setembro","Outubro","Novembro","Dezembro")) | C73: =IF($A73="","",CHOOSE(WEEKDAY($A73),"Domingo","Segunda-feira","Terça-feira","Quarta-feira","Quinta-feira","Sexta-feira","Sábado")) | D73: 4 | E73: =IFERROR(INDEX(Consolidado_Mensal!$B$2:$B$12,MATCH($B73,Consolidado_Mensal!$A$2:$A$12,0)),"") | F73: =IF($E73="","",SUMIFS($D$2:$D73,$B$2:$B73,$B73)/$E73) | G73: =IF($E73="","",MAX(0,$E73-SUMIFS($D$2:$D73,$B$2:$B73,$B73))) | T73: =IF($D73="","",IF(AND($D73=0,SUM($H73:$S73)=0),"OK",IF(SUM($H73:$S73)=0,"Sem detalhe",IF(AND(OR(SUM($H73:$I73)=$D73,SUM($H73:$I73)=0),OR(SUM($J73:$K73)=$D73,SUM($J73:$K73)=0),OR(SUM($L73:$S73)=$D73,SUM($L73:$S73)=0)),"OK","Verificar: "&IF(AND(SUM($H73:$I73)<>$D73,SUM($H73:$I73)<>0),"perfil ","")&IF(AND(SUM($J73:$K73)<>$D73,SUM($J73:$K73)<>0),"gênero ","")&IF(AND(SUM($L73:$S73)<>$D73,SUM($L73:$S73)<>0),"professor","")))))
A74: 46126 | B74: =IF($A74="","",CHOOSE(MONTH($A74),"Janeiro","Fevereiro","Março","Abril","Maio","Junho","Julho","Agosto","Setembro","Outubro","Novembro","Dezembro")) | C74: =IF($A74="","",CHOOSE(WEEKDAY($A74),"Domingo","Segunda-feira","Terça-feira","Quarta-feira","Quinta-feira","Sexta-feira","Sábado")) | D74: 2 | E74: =IFERROR(INDEX(Consolidado_Mensal!$B$2:$B$12,MATCH($B74,Consolidado_Mensal!$A$2:$A$12,0)),"") | F74: =IF($E74="","",SUMIFS($D$2:$D74,$B$2:$B74,$B74)/$E74) | G74: =IF($E74="","",MAX(0,$E74-SUMIFS($D$2:$D74,$B$2:$B74,$B74))) | T74: =IF($D74="","",IF(AND($D74=0,SUM($H74:$S74)=0),"OK",IF(SUM($H74:$S74)=0,"Sem detalhe",IF(AND(OR(SUM($H74:$I74)=$D74,SUM($H74:$I74)=0),OR(SUM($J74:$K74)=$D74,SUM($J74:$K74)=0),OR(SUM($L74:$S74)=$D74,SUM($L74:$S74)=0)),"OK","Verificar: "&IF(AND(SUM($H74:$I74)<>$D74,SUM($H74:$I74)<>0),"perfil ","")&IF(AND(SUM($J74:$K74)<>$D74,SUM($J74:$K74)<>0),"gênero ","")&IF(AND(SUM($L74:$S74)<>$D74,SUM($L74:$S74)<>0),"professor","")))))
A75: 46127 | B75: =IF($A75="","",CHOOSE(MONTH($A75),"Janeiro","Fevereiro","Março","Abril","Maio","Junho","Julho","Agosto","Setembro","Outubro","Novembro","Dezembro")) | C75: =IF($A75="","",CHOOSE(WEEKDAY($A75),"Domingo","Segunda-feira","Terça-feira","Quarta-feira","Quinta-feira","Sexta-feira","Sábado")) | D75: 4 | E75: =IFERROR(INDEX(Consolidado_Mensal!$B$2:$B$12,MATCH($B75,Consolidado_Mensal!$A$2:$A$12,0)),"") | F75: =IF($E75="","",SUMIFS($D$2:$D75,$B$2:$B75,$B75)/$E75) | G75: =IF($E75="","",MAX(0,$E75-SUMIFS($D$2:$D75,$B$2:$B75,$B75))) | T75: =IF($D75="","",IF(AND($D75=0,SUM($H75:$S75)=0),"OK",IF(SUM($H75:$S75)=0,"Sem detalhe",IF(AND(OR(SUM($H75:$I75)=$D75,SUM($H75:$I75)=0),OR(SUM($J75:$K75)=$D75,SUM($J75:$K75)=0),OR(SUM($L75:$S75)=$D75,SUM($L75:$S75)=0)),"OK","Verificar: "&IF(AND(SUM($H75:$I75)<>$D75,SUM($H75:$I75)<>0),"perfil ","")&IF(AND(SUM($J75:$K75)<>$D75,SUM($J75:$K75)<>0),"gênero ","")&IF(AND(SUM($L75:$S75)<>$D75,SUM($L75:$S75)<>0),"professor","")))))
A76: 46128 | B76: =IF($A76="","",CHOOSE(MONTH($A76),"Janeiro","Fevereiro","Março","Abril","Maio","Junho","Julho","Agosto","Setembro","Outubro","Novembro","Dezembro")) | C76: =IF($A76="","",CHOOSE(WEEKDAY($A76),"Domingo","Segunda-feira","Terça-feira","Quarta-feira","Quinta-feira","Sexta-feira","Sábado")) | D76: 3 | E76: =IFERROR(INDEX(Consolidado_Mensal!$B$2:$B$12,MATCH($B76,Consolidado_Mensal!$A$2:$A$12,0)),"") | F76: =IF($E76="","",SUMIFS($D$2:$D76,$B$2:$B76,$B76)/$E76) | G76: =IF($E76="","",MAX(0,$E76-SUMIFS($D$2:$D76,$B$2:$B76,$B76))) | T76: =IF($D76="","",IF(AND($D76=0,SUM($H76:$S76)=0),"OK",IF(SUM($H76:$S76)=0,"Sem detalhe",IF(AND(OR(SUM($H76:$I76)=$D76,SUM($H76:$I76)=0),OR(SUM($J76:$K76)=$D76,SUM($J76:$K76)=0),OR(SUM($L76:$S76)=$D76,SUM($L76:$S76)=0)),"OK","Verificar: "&IF(AND(SUM($H76:$I76)<>$D76,SUM($H76:$I76)<>0),"perfil ","")&IF(AND(SUM($J76:$K76)<>$D76,SUM($J76:$K76)<>0),"gênero ","")&IF(AND(SUM($L76:$S76)<>$D76,SUM($L76:$S76)<>0),"professor","")))))
A77: 46129 | B77: =IF($A77="","",CHOOSE(MONTH($A77),"Janeiro","Fevereiro","Março","Abril","Maio","Junho","Julho","Agosto","Setembro","Outubro","Novembro","Dezembro")) | C77: =IF($A77="","",CHOOSE(WEEKDAY($A77),"Domingo","Segunda-feira","Terça-feira","Quarta-feira","Quinta-feira","Sexta-feira","Sábado")) | D77: 1 | E77: =IFERROR(INDEX(Consolidado_Mensal!$B$2:$B$12,MATCH($B77,Consolidado_Mensal!$A$2:$A$12,0)),"") | F77: =IF($E77="","",SUMIFS($D$2:$D77,$B$2:$B77,$B77)/$E77) | G77: =IF($E77="","",MAX(0,$E77-SUMIFS($D$2:$D77,$B$2:$B77,$B77))) | T77: =IF($D77="","",IF(AND($D77=0,SUM($H77:$S77)=0),"OK",IF(SUM($H77:$S77)=0,"Sem detalhe",IF(AND(OR(SUM($H77:$I77)=$D77,SUM($H77:$I77)=0),OR(SUM($J77:$K77)=$D77,SUM($J77:$K77)=0),OR(SUM($L77:$S77)=$D77,SUM($L77:$S77)=0)),"OK","Verificar: "&IF(AND(SUM($H77:$I77)<>$D77,SUM($H77:$I77)<>0),"perfil ","")&IF(AND(SUM($J77:$K77)<>$D77,SUM($J77:$K77)<>0),"gênero ","")&IF(AND(SUM($L77:$S77)<>$D77,SUM($L77:$S77)<>0),"professor","")))))
A78: 46130 | B78: =IF($A78="","",CHOOSE(MONTH($A78),"Janeiro","Fevereiro","Março","Abril","Maio","Junho","Julho","Agosto","Setembro","Outubro","Novembro","Dezembro")) | C78: =IF($A78="","",CHOOSE(WEEKDAY($A78),"Domingo","Segunda-feira","Terça-feira","Quarta-feira","Quinta-feira","Sexta-feira","Sábado")) | E78: =IFERROR(INDEX(Consolidado_Mensal!$B$2:$B$12,MATCH($B78,Consolidado_Mensal!$A$2:$A$12,0)),"") | F78: =IF($E78="","",SUMIFS($D$2:$D78,$B$2:$B78,$B78)/$E78) | G78: =IF($E78="","",MAX(0,$E78-SUMIFS($D$2:$D78,$B$2:$B78,$B78))) | T78: =IF($D78="","",IF(AND($D78=0,SUM($H78:$S78)=0),"OK",IF(SUM($H78:$S78)=0,"Sem detalhe",IF(AND(OR(SUM($H78:$I78)=$D78,SUM($H78:$I78)=0),OR(SUM($J78:$K78)=$D78,SUM($J78:$K78)=0),OR(SUM($L78:$S78)=$D78,SUM($L78:$S78)=0)),"OK","Verificar: "&IF(AND(SUM($H78:$I78)<>$D78,SUM($H78:$I78)<>0),"perfil ","")&IF(AND(SUM($J78:$K78)<>$D78,SUM($J78:$K78)<>0),"gênero ","")&IF(AND(SUM($L78:$S78)<>$D78,SUM($L78:$S78)<>0),"professor","")))))
A79: 46131 | B79: =IF($A79="","",CHOOSE(MONTH($A79),"Janeiro","Fevereiro","Março","Abril","Maio","Junho","Julho","Agosto","Setembro","Outubro","Novembro","Dezembro")) | C79: =IF($A79="","",CHOOSE(WEEKDAY($A79),"Domingo","Segunda-feira","Terça-feira","Quarta-feira","Quinta-feira","Sexta-feira","Sábado")) | E79: =IFERROR(INDEX(Consolidado_Mensal!$B$2:$B$12,MATCH($B79,Consolidado_Mensal!$A$2:$A$12,0)),"") | F79: =IF($E79="","",SUMIFS($D$2:$D79,$B$2:$B79,$B79)/$E79) | G79: =IF($E79="","",MAX(0,$E79-SUMIFS($D$2:$D79,$B$2:$B79,$B79))) | T79: =IF($D79="","",IF(AND($D79=0,SUM($H79:$S79)=0),"OK",IF(SUM($H79:$S79)=0,"Sem detalhe",IF(AND(OR(SUM($H79:$I79)=$D79,SUM($H79:$I79)=0),OR(SUM($J79:$K79)=$D79,SUM($J79:$K79)=0),OR(SUM($L79:$S79)=$D79,SUM($L79:$S79)=0)),"OK","Verificar: "&IF(AND(SUM($H79:$I79)<>$D79,SUM($H79:$I79)<>0),"perfil ","")&IF(AND(SUM($J79:$K79)<>$D79,SUM($J79:$K79)<>0),"gênero ","")&IF(AND(SUM($L79:$S79)<>$D79,SUM($L79:$S79)<>0),"professor","")))))
A80: 46132 | B80: =IF($A80="","",CHOOSE(MONTH($A80),"Janeiro","Fevereiro","Março","Abril","Maio","Junho","Julho","Agosto","Setembro","Outubro","Novembro","Dezembro")) | C80: =IF($A80="","",CHOOSE(WEEKDAY($A80),"Domingo","Segunda-feira","Terça-feira","Quarta-feira","Quinta-feira","Sexta-feira","Sábado")) | E80: =IFERROR(INDEX(Consolidado_Mensal!$B$2:$B$12,MATCH($B80,Consolidado_Mensal!$A$2:$A$12,0)),"") | F80: =IF($E80="","",SUMIFS($D$2:$D80,$B$2:$B80,$B80)/$E80) | G80: =IF($E80="","",MAX(0,$E80-SUMIFS($D$2:$D80,$B$2:$B80,$B80))) | T80: =IF($D80="","",IF(AND($D80=0,SUM($H80:$S80)=0),"OK",IF(SUM($H80:$S80)=0,"Sem detalhe",IF(AND(OR(SUM($H80:$I80)=$D80,SUM($H80:$I80)=0),OR(SUM($J80:$K80)=$D80,SUM($J80:$K80)=0),OR(SUM($L80:$S80)=$D80,SUM($L80:$S80)=0)),"OK","Verificar: "&IF(AND(SUM($H80:$I80)<>$D80,SUM($H80:$I80)<>0),"perfil ","")&IF(AND(SUM($J80:$K80)<>$D80,SUM($J80:$K80)<>0),"gênero ","")&IF(AND(SUM($L80:$S80)<>$D80,SUM($L80:$S80)<>0),"professor","")))))
A81: 46133 | B81: =IF($A81="","",CHOOSE(MONTH($A81),"Janeiro","Fevereiro","Março","Abril","Maio","Junho","Julho","Agosto","Setembro","Outubro","Novembro","Dezembro")) | C81: =IF($A81="","",CHOOSE(WEEKDAY($A81),"Domingo","Segunda-feira","Terça-feira","Quarta-feira","Quinta-feira","Sexta-feira","Sábado")) | E81: =IFERROR(INDEX(Consolidado_Mensal!$B$2:$B$12,MATCH($B81,Consolidado_Mensal!$A$2:$A$12,0)),"") | F81: =IF($E81="","",SUMIFS($D$2:$D81,$B$2:$B81,$B81)/$E81) | G81: =IF($E81="","",MAX(0,$E81-SUMIFS($D$2:$D81,$B$2:$B81,$B81))) | T81: =IF($D81="","",IF(AND($D81=0,SUM($H81:$S81)=0),"OK",IF(SUM($H81:$S81)=0,"Sem detalhe",IF(AND(OR(SUM($H81:$I81)=$D81,SUM($H81:$I81)=0),OR(SUM($J81:$K81)=$D81,SUM($J81:$K81)=0),OR(SUM($L81:$S81)=$D81,SUM($L81:$S81)=0)),"OK","Verificar: "&IF(AND(SUM($H81:$I81)<>$D81,SUM($H81:$I81)<>0),"perfil ","")&IF(AND(SUM($J81:$K81)<>$D81,SUM($J81:$K81)<>0),"gênero ","")&IF(AND(SUM($L81:$S81)<>$D81,SUM($L81:$S81)<>0),"professor","")))))
A82: 46134 | B82: =IF($A82="","",CHOOSE(MONTH($A82),"Janeiro","Fevereiro","Março","Abril","Maio","Junho","Julho","Agosto","Setembro","Outubro","Novembro","Dezembro")) | C82: =IF($A82="","",CHOOSE(WEEKDAY($A82),"Domingo","Segunda-feira","Terça-feira","Quarta-feira","Quinta-feira","Sexta-feira","Sábado")) | D82: 2 | E82: =IFERROR(INDEX(Consolidado_Mensal!$B$2:$B$12,MATCH($B82,Consolidado_Mensal!$A$2:$A$12,0)),"") | F82: =IF($E82="","",SUMIFS($D$2:$D82,$B$2:$B82,$B82)/$E82) | G82: =IF($E82="","",MAX(0,$E82-SUMIFS($D$2:$D82,$B$2:$B82,$B82))) | T82: =IF($D82="","",IF(AND($D82=0,SUM($H82:$S82)=0),"OK",IF(SUM($H82:$S82)=0,"Sem detalhe",IF(AND(OR(SUM($H82:$I82)=$D82,SUM($H82:$I82)=0),OR(SUM($J82:$K82)=$D82,SUM($J82:$K82)=0),OR(SUM($L82:$S82)=$D82,SUM($L82:$S82)=0)),"OK","Verificar: "&IF(AND(SUM($H82:$I82)<>$D82,SUM($H82:$I82)<>0),"perfil ","")&IF(AND(SUM($J82:$K82)<>$D82,SUM($J82:$K82)<>0),"gênero ","")&IF(AND(SUM($L82:$S82)<>$D82,SUM($L82:$S82)<>0),"professor","")))))
A83: 46135 | B83: =IF($A83="","",CHOOSE(MONTH($A83),"Janeiro","Fevereiro","Março","Abril","Maio","Junho","Julho","Agosto","Setembro","Outubro","Novembro","Dezembro")) | C83: =IF($A83="","",CHOOSE(WEEKDAY($A83),"Domingo","Segunda-feira","Terça-feira","Quarta-feira","Quinta-feira","Sexta-feira","Sábado")) | D83: 4 | E83: =IFERROR(INDEX(Consolidado_Mensal!$B$2:$B$12,MATCH($B83,Consolidado_Mensal!$A$2:$A$12,0)),"") | F83: =IF($E83="","",SUMIFS($D$2:$D83,$B$2:$B83,$B83)/$E83) | G83: =IF($E83="","",MAX(0,$E83-SUMIFS($D$2:$D83,$B$2:$B83,$B83))) | T83: =IF($D83="","",IF(AND($D83=0,SUM($H83:$S83)=0),"OK",IF(SUM($H83:$S83)=0,"Sem detalhe",IF(AND(OR(SUM($H83:$I83)=$D83,SUM($H83:$I83)=0),OR(SUM($J83:$K83)=$D83,SUM($J83:$K83)=0),OR(SUM($L83:$S83)=$D83,SUM($L83:$S83)=0)),"OK","Verificar: "&IF(AND(SUM($H83:$I83)<>$D83,SUM($H83:$I83)<>0),"perfil ","")&IF(AND(SUM($J83:$K83)<>$D83,SUM($J83:$K83)<>0),"gênero ","")&IF(AND(SUM($L83:$S83)<>$D83,SUM($L83:$S83)<>0),"professor","")))))
A84: 46136 | B84: =IF($A84="","",CHOOSE(MONTH($A84),"Janeiro","Fevereiro","Março","Abril","Maio","Junho","Julho","Agosto","Setembro","Outubro","Novembro","Dezembro")) | C84: =IF($A84="","",CHOOSE(WEEKDAY($A84),"Domingo","Segunda-feira","Terça-feira","Quarta-feira","Quinta-feira","Sexta-feira","Sábado")) | D84: 2 | E84: =IFERROR(INDEX(Consolidado_Mensal!$B$2:$B$12,MATCH($B84,Consolidado_Mensal!$A$2:$A$12,0)),"") | F84: =IF($E84="","",SUMIFS($D$2:$D84,$B$2:$B84,$B84)/$E84) | G84: =IF($E84="","",MAX(0,$E84-SUMIFS($D$2:$D84,$B$2:$B84,$B84))) | T84: =IF($D84="","",IF(AND($D84=0,SUM($H84:$S84)=0),"OK",IF(SUM($H84:$S84)=0,"Sem detalhe",IF(AND(OR(SUM($H84:$I84)=$D84,SUM($H84:$I84)=0),OR(SUM($J84:$K84)=$D84,SUM($J84:$K84)=0),OR(SUM($L84:$S84)=$D84,SUM($L84:$S84)=0)),"OK","Verificar: "&IF(AND(SUM($H84:$I84)<>$D84,SUM($H84:$I84)<>0),"perfil ","")&IF(AND(SUM($J84:$K84)<>$D84,SUM($J84:$K84)<>0),"gênero ","")&IF(AND(SUM($L84:$S84)<>$D84,SUM($L84:$S84)<>0),"professor","")))))
A85: 46137 | B85: =IF($A85="","",CHOOSE(MONTH($A85),"Janeiro","Fevereiro","Março","Abril","Maio","Junho","Julho","Agosto","Setembro","Outubro","Novembro","Dezembro")) | C85: =IF($A85="","",CHOOSE(WEEKDAY($A85),"Domingo","Segunda-feira","Terça-feira","Quarta-feira","Quinta-feira","Sexta-feira","Sábado")) | E85: =IFERROR(INDEX(Consolidado_Mensal!$B$2:$B$12,MATCH($B85,Consolidado_Mensal!$A$2:$A$12,0)),"") | F85: =IF($E85="","",SUMIFS($D$2:$D85,$B$2:$B85,$B85)/$E85) | G85: =IF($E85="","",MAX(0,$E85-SUMIFS($D$2:$D85,$B$2:$B85,$B85))) | T85: =IF($D85="","",IF(AND($D85=0,SUM($H85:$S85)=0),"OK",IF(SUM($H85:$S85)=0,"Sem detalhe",IF(AND(OR(SUM($H85:$I85)=$D85,SUM($H85:$I85)=0),OR(SUM($J85:$K85)=$D85,SUM($J85:$K85)=0),OR(SUM($L85:$S85)=$D85,SUM($L85:$S85)=0)),"OK","Verificar: "&IF(AND(SUM($H85:$I85)<>$D85,SUM($H85:$I85)<>0),"perfil ","")&IF(AND(SUM($J85:$K85)<>$D85,SUM($J85:$K85)<>0),"gênero ","")&IF(AND(SUM($L85:$S85)<>$D85,SUM($L85:$S85)<>0),"professor","")))))
A86: 46138 | B86: =IF($A86="","",CHOOSE(MONTH($A86),"Janeiro","Fevereiro","Março","Abril","Maio","Junho","Julho","Agosto","Setembro","Outubro","Novembro","Dezembro")) | C86: =IF($A86="","",CHOOSE(WEEKDAY($A86),"Domingo","Segunda-feira","Terça-feira","Quarta-feira","Quinta-feira","Sexta-feira","Sábado")) | E86: =IFERROR(INDEX(Consolidado_Mensal!$B$2:$B$12,MATCH($B86,Consolidado_Mensal!$A$2:$A$12,0)),"") | F86: =IF($E86="","",SUMIFS($D$2:$D86,$B$2:$B86,$B86)/$E86) | G86: =IF($E86="","",MAX(0,$E86-SUMIFS($D$2:$D86,$B$2:$B86,$B86))) | T86: =IF($D86="","",IF(AND($D86=0,SUM($H86:$S86)=0),"OK",IF(SUM($H86:$S86)=0,"Sem detalhe",IF(AND(OR(SUM($H86:$I86)=$D86,SUM($H86:$I86)=0),OR(SUM($J86:$K86)=$D86,SUM($J86:$K86)=0),OR(SUM($L86:$S86)=$D86,SUM($L86:$S86)=0)),"OK","Verificar: "&IF(AND(SUM($H86:$I86)<>$D86,SUM($H86:$I86)<>0),"perfil ","")&IF(AND(SUM($J86:$K86)<>$D86,SUM($J86:$K86)<>0),"gênero ","")&IF(AND(SUM($L86:$S86)<>$D86,SUM($L86:$S86)<>0),"professor","")))))
A87: 46139 | B87: =IF($A87="","",CHOOSE(MONTH($A87),"Janeiro","Fevereiro","Março","Abril","Maio","Junho","Julho","Agosto","Setembro","Outubro","Novembro","Dezembro")) | C87: =IF($A87="","",CHOOSE(WEEKDAY($A87),"Domingo","Segunda-feira","Terça-feira","Quarta-feira","Quinta-feira","Sexta-feira","Sábado")) | D87: 2 | E87: =IFERROR(INDEX(Consolidado_Mensal!$B$2:$B$12,MATCH($B87,Consolidado_Mensal!$A$2:$A$12,0)),"") | F87: =IF($E87="","",SUMIFS($D$2:$D87,$B$2:$B87,$B87)/$E87) | G87: =IF($E87="","",MAX(0,$E87-SUMIFS($D$2:$D87,$B$2:$B87,$B87))) | T87: =IF($D87="","",IF(AND($D87=0,SUM($H87:$S87)=0),"OK",IF(SUM($H87:$S87)=0,"Sem detalhe",IF(AND(OR(SUM($H87:$I87)=$D87,SUM($H87:$I87)=0),OR(SUM($J87:$K87)=$D87,SUM($J87:$K87)=0),OR(SUM($L87:$S87)=$D87,SUM($L87:$S87)=0)),"OK","Verificar: "&IF(AND(SUM($H87:$I87)<>$D87,SUM($H87:$I87)<>0),"perfil ","")&IF(AND(SUM($J87:$K87)<>$D87,SUM($J87:$K87)<>0),"gênero ","")&IF(AND(SUM($L87:$S87)<>$D87,SUM($L87:$S87)<>0),"professor","")))))
A88: 46140 | B88: =IF($A88="","",CHOOSE(MONTH($A88),"Janeiro","Fevereiro","Março","Abril","Maio","Junho","Julho","Agosto","Setembro","Outubro","Novembro","Dezembro")) | C88: =IF($A88="","",CHOOSE(WEEKDAY($A88),"Domingo","Segunda-feira","Terça-feira","Quarta-feira","Quinta-feira","Sexta-feira","Sábado")) | D88: 1 | E88: =IFERROR(INDEX(Consolidado_Mensal!$B$2:$B$12,MATCH($B88,Consolidado_Mensal!$A$2:$A$12,0)),"") | F88: =IF($E88="","",SUMIFS($D$2:$D88,$B$2:$B88,$B88)/$E88) | G88: =IF($E88="","",MAX(0,$E88-SUMIFS($D$2:$D88,$B$2:$B88,$B88))) | T88: =IF($D88="","",IF(AND($D88=0,SUM($H88:$S88)=0),"OK",IF(SUM($H88:$S88)=0,"Sem detalhe",IF(AND(OR(SUM($H88:$I88)=$D88,SUM($H88:$I88)=0),OR(SUM($J88:$K88)=$D88,SUM($J88:$K88)=0),OR(SUM($L88:$S88)=$D88,SUM($L88:$S88)=0)),"OK","Verificar: "&IF(AND(SUM($H88:$I88)<>$D88,SUM($H88:$I88)<>0),"perfil ","")&IF(AND(SUM($J88:$K88)<>$D88,SUM($J88:$K88)<>0),"gênero ","")&IF(AND(SUM($L88:$S88)<>$D88,SUM($L88:$S88)<>0),"professor","")))))
A89: 46141 | B89: =IF($A89="","",CHOOSE(MONTH($A89),"Janeiro","Fevereiro","Março","Abril","Maio","Junho","Julho","Agosto","Setembro","Outubro","Novembro","Dezembro")) | C89: =IF($A89="","",CHOOSE(WEEKDAY($A89),"Domingo","Segunda-feira","Terça-feira","Quarta-feira","Quinta-feira","Sexta-feira","Sábado")) | D89: 5 | E89: =IFERROR(INDEX(Consolidado_Mensal!$B$2:$B$12,MATCH($B89,Consolidado_Mensal!$A$2:$A$12,0)),"") | F89: =IF($E89="","",SUMIFS($D$2:$D89,$B$2:$B89,$B89)/$E89) | G89: =IF($E89="","",MAX(0,$E89-SUMIFS($D$2:$D89,$B$2:$B89,$B89))) | T89: =IF($D89="","",IF(AND($D89=0,SUM($H89:$S89)=0),"OK",IF(SUM($H89:$S89)=0,"Sem detalhe",IF(AND(OR(SUM($H89:$I89)=$D89,SUM($H89:$I89)=0),OR(SUM($J89:$K89)=$D89,SUM($J89:$K89)=0),OR(SUM($L89:$S89)=$D89,SUM($L89:$S89)=0)),"OK","Verificar: "&IF(AND(SUM($H89:$I89)<>$D89,SUM($H89:$I89)<>0),"perfil ","")&IF(AND(SUM($J89:$K89)<>$D89,SUM($J89:$K89)<>0),"gênero ","")&IF(AND(SUM($L89:$S89)<>$D89,SUM($L89:$S89)<>0),"professor","")))))
A90: 46142 | B90: =IF($A90="","",CHOOSE(MONTH($A90),"Janeiro","Fevereiro","Março","Abril","Maio","Junho","Julho","Agosto","Setembro","Outubro","Novembro","Dezembro")) | C90: =IF($A90="","",CHOOSE(WEEKDAY($A90),"Domingo","Segunda-feira","Terça-feira","Quarta-feira","Quinta-feira","Sexta-feira","Sábado")) | E90: =IFERROR(INDEX(Consolidado_Mensal!$B$2:$B$12,MATCH($B90,Consolidado_Mensal!$A$2:$A$12,0)),"") | F90: =IF($E90="","",SUMIFS($D$2:$D90,$B$2:$B90,$B90)/$E90) | G90: =IF($E90="","",MAX(0,$E90-SUMIFS($D$2:$D90,$B$2:$B90,$B90))) | T90: =IF($D90="","",IF(AND($D90=0,SUM($H90:$S90)=0),"OK",IF(SUM($H90:$S90)=0,"Sem detalhe",IF(AND(OR(SUM($H90:$I90)=$D90,SUM($H90:$I90)=0),OR(SUM($J90:$K90)=$D90,SUM($J90:$K90)=0),OR(SUM($L90:$S90)=$D90,SUM($L90:$S90)=0)),"OK","Verificar: "&IF(AND(SUM($H90:$I90)<>$D90,SUM($H90:$I90)<>0),"perfil ","")&IF(AND(SUM($J90:$K90)<>$D90,SUM($J90:$K90)<>0),"gênero ","")&IF(AND(SUM($L90:$S90)<>$D90,SUM($L90:$S90)<>0),"professor","")))))
A91: 46143 | B91: =IF($A91="","",CHOOSE(MONTH($A91),"Janeiro","Fevereiro","Março","Abril","Maio","Junho","Julho","Agosto","Setembro","Outubro","Novembro","Dezembro")) | C91: =IF($A91="","",CHOOSE(WEEKDAY($A91),"Domingo","Segunda-feira","Terça-feira","Quarta-feira","Quinta-feira","Sexta-feira","Sábado")) | E91: =IFERROR(INDEX(Consolidado_Mensal!$B$2:$B$12,MATCH($B91,Consolidado_Mensal!$A$2:$A$12,0)),"") | F91: =IF($E91="","",SUMIFS($D$2:$D91,$B$2:$B91,$B91)/$E91) | G91: =IF($E91="","",MAX(0,$E91-SUMIFS($D$2:$D91,$B$2:$B91,$B91))) | T91: =IF($D91="","",IF(AND($D91=0,SUM($H91:$S91)=0),"OK",IF(SUM($H91:$S91)=0,"Sem detalhe",IF(AND(OR(SUM($H91:$I91)=$D91,SUM($H91:$I91)=0),OR(SUM($J91:$K91)=$D91,SUM($J91:$K91)=0),OR(SUM($L91:$S91)=$D91,SUM($L91:$S91)=0)),"OK","Verificar: "&IF(AND(SUM($H91:$I91)<>$D91,SUM($H91:$I91)<>0),"perfil ","")&IF(AND(SUM($J91:$K91)<>$D91,SUM($J91:$K91)<>0),"gênero ","")&IF(AND(SUM($L91:$S91)<>$D91,SUM($L91:$S91)<>0),"professor","")))))
A92: 46144 | B92: =IF($A92="","",CHOOSE(MONTH($A92),"Janeiro","Fevereiro","Março","Abril","Maio","Junho","Julho","Agosto","Setembro","Outubro","Novembro","Dezembro")) | C92: =IF($A92="","",CHOOSE(WEEKDAY($A92),"Domingo","Segunda-feira","Terça-feira","Quarta-feira","Quinta-feira","Sexta-feira","Sábado")) | E92: =IFERROR(INDEX(Consolidado_Mensal!$B$2:$B$12,MATCH($B92,Consolidado_Mensal!$A$2:$A$12,0)),"") | F92: =IF($E92="","",SUMIFS($D$2:$D92,$B$2:$B92,$B92)/$E92) | G92: =IF($E92="","",MAX(0,$E92-SUMIFS($D$2:$D92,$B$2:$B92,$B92))) | T92: =IF($D92="","",IF(AND($D92=0,SUM($H92:$S92)=0),"OK",IF(SUM($H92:$S92)=0,"Sem detalhe",IF(AND(OR(SUM($H92:$I92)=$D92,SUM($H92:$I92)=0),OR(SUM($J92:$K92)=$D92,SUM($J92:$K92)=0),OR(SUM($L92:$S92)=$D92,SUM($L92:$S92)=0)),"OK","Verificar: "&IF(AND(SUM($H92:$I92)<>$D92,SUM($H92:$I92)<>0),"perfil ","")&IF(AND(SUM($J92:$K92)<>$D92,SUM($J92:$K92)<>0),"gênero ","")&IF(AND(SUM($L92:$S92)<>$D92,SUM($L92:$S92)<>0),"professor","")))))
A93: 46145 | B93: =IF($A93="","",CHOOSE(MONTH($A93),"Janeiro","Fevereiro","Março","Abril","Maio","Junho","Julho","Agosto","Setembro","Outubro","Novembro","Dezembro")) | C93: =IF($A93="","",CHOOSE(WEEKDAY($A93),"Domingo","Segunda-feira","Terça-feira","Quarta-feira","Quinta-feira","Sexta-feira","Sábado")) | E93: =IFERROR(INDEX(Consolidado_Mensal!$B$2:$B$12,MATCH($B93,Consolidado_Mensal!$A$2:$A$12,0)),"") | F93: =IF($E93="","",SUMIFS($D$2:$D93,$B$2:$B93,$B93)/$E93) | G93: =IF($E93="","",MAX(0,$E93-SUMIFS($D$2:$D93,$B$2:$B93,$B93))) | T93: =IF($D93="","",IF(AND($D93=0,SUM($H93:$S93)=0),"OK",IF(SUM($H93:$S93)=0,"Sem detalhe",IF(AND(OR(SUM($H93:$I93)=$D93,SUM($H93:$I93)=0),OR(SUM($J93:$K93)=$D93,SUM($J93:$K93)=0),OR(SUM($L93:$S93)=$D93,SUM($L93:$S93)=0)),"OK","Verificar: "&IF(AND(SUM($H93:$I93)<>$D93,SUM($H93:$I93)<>0),"perfil ","")&IF(AND(SUM($J93:$K93)<>$D93,SUM($J93:$K93)<>0),"gênero ","")&IF(AND(SUM($L93:$S93)<>$D93,SUM($L93:$S93)<>0),"professor","")))))
A94: 46146 | B94: =IF($A94="","",CHOOSE(MONTH($A94),"Janeiro","Fevereiro","Março","Abril","Maio","Junho","Julho","Agosto","Setembro","Outubro","Novembro","Dezembro")) | C94: =IF($A94="","",CHOOSE(WEEKDAY($A94),"Domingo","Segunda-feira","Terça-feira","Quarta-feira","Quinta-feira","Sexta-feira","Sábado")) | D94: 1 | E94: =IFERROR(INDEX(Consolidado_Mensal!$B$2:$B$12,MATCH($B94,Consolidado_Mensal!$A$2:$A$12,0)),"") | F94: =IF($E94="","",SUMIFS($D$2:$D94,$B$2:$B94,$B94)/$E94) | G94: =IF($E94="","",MAX(0,$E94-SUMIFS($D$2:$D94,$B$2:$B94,$B94))) | T94: =IF($D94="","",IF(AND($D94=0,SUM($H94:$S94)=0),"OK",IF(SUM($H94:$S94)=0,"Sem detalhe",IF(AND(OR(SUM($H94:$I94)=$D94,SUM($H94:$I94)=0),OR(SUM($J94:$K94)=$D94,SUM($J94:$K94)=0),OR(SUM($L94:$S94)=$D94,SUM($L94:$S94)=0)),"OK","Verificar: "&IF(AND(SUM($H94:$I94)<>$D94,SUM($H94:$I94)<>0),"perfil ","")&IF(AND(SUM($J94:$K94)<>$D94,SUM($J94:$K94)<>0),"gênero ","")&IF(AND(SUM($L94:$S94)<>$D94,SUM($L94:$S94)<>0),"professor","")))))
A95: 46147 | B95: =IF($A95="","",CHOOSE(MONTH($A95),"Janeiro","Fevereiro","Março","Abril","Maio","Junho","Julho","Agosto","Setembro","Outubro","Novembro","Dezembro")) | C95: =IF($A95="","",CHOOSE(WEEKDAY($A95),"Domingo","Segunda-feira","Terça-feira","Quarta-feira","Quinta-feira","Sexta-feira","Sábado")) | D95: 1 | E95: =IFERROR(INDEX(Consolidado_Mensal!$B$2:$B$12,MATCH($B95,Consolidado_Mensal!$A$2:$A$12,0)),"") | F95: =IF($E95="","",SUMIFS($D$2:$D95,$B$2:$B95,$B95)/$E95) | G95: =IF($E95="","",MAX(0,$E95-SUMIFS($D$2:$D95,$B$2:$B95,$B95))) | T95: =IF($D95="","",IF(AND($D95=0,SUM($H95:$S95)=0),"OK",IF(SUM($H95:$S95)=0,"Sem detalhe",IF(AND(OR(SUM($H95:$I95)=$D95,SUM($H95:$I95)=0),OR(SUM($J95:$K95)=$D95,SUM($J95:$K95)=0),OR(SUM($L95:$S95)=$D95,SUM($L95:$S95)=0)),"OK","Verificar: "&IF(AND(SUM($H95:$I95)<>$D95,SUM($H95:$I95)<>0),"perfil ","")&IF(AND(SUM($J95:$K95)<>$D95,SUM($J95:$K95)<>0),"gênero ","")&IF(AND(SUM($L95:$S95)<>$D95,SUM($L95:$S95)<>0),"professor","")))))
A96: 46148 | B96: =IF($A96="","",CHOOSE(MONTH($A96),"Janeiro","Fevereiro","Março","Abril","Maio","Junho","Julho","Agosto","Setembro","Outubro","Novembro","Dezembro")) | C96: =IF($A96="","",CHOOSE(WEEKDAY($A96),"Domingo","Segunda-feira","Terça-feira","Quarta-feira","Quinta-feira","Sexta-feira","Sábado")) | D96: 2 | E96: =IFERROR(INDEX(Consolidado_Mensal!$B$2:$B$12,MATCH($B96,Consolidado_Mensal!$A$2:$A$12,0)),"") | F96: =IF($E96="","",SUMIFS($D$2:$D96,$B$2:$B96,$B96)/$E96) | G96: =IF($E96="","",MAX(0,$E96-SUMIFS($D$2:$D96,$B$2:$B96,$B96))) | T96: =IF($D96="","",IF(AND($D96=0,SUM($H96:$S96)=0),"OK",IF(SUM($H96:$S96)=0,"Sem detalhe",IF(AND(OR(SUM($H96:$I96)=$D96,SUM($H96:$I96)=0),OR(SUM($J96:$K96)=$D96,SUM($J96:$K96)=0),OR(SUM($L96:$S96)=$D96,SUM($L96:$S96)=0)),"OK","Verificar: "&IF(AND(SUM($H96:$I96)<>$D96,SUM($H96:$I96)<>0),"perfil ","")&IF(AND(SUM($J96:$K96)<>$D96,SUM($J96:$K96)<>0),"gênero ","")&IF(AND(SUM($L96:$S96)<>$D96,SUM($L96:$S96)<>0),"professor","")))))
A97: 46149 | B97: =IF($A97="","",CHOOSE(MONTH($A97),"Janeiro","Fevereiro","Março","Abril","Maio","Junho","Julho","Agosto","Setembro","Outubro","Novembro","Dezembro")) | C97: =IF($A97="","",CHOOSE(WEEKDAY($A97),"Domingo","Segunda-feira","Terça-feira","Quarta-feira","Quinta-feira","Sexta-feira","Sábado")) | D97: 3 | E97: =IFERROR(INDEX(Consolidado_Mensal!$B$2:$B$12,MATCH($B97,Consolidado_Mensal!$A$2:$A$12,0)),"") | F97: =IF($E97="","",SUMIFS($D$2:$D97,$B$2:$B97,$B97)/$E97) | G97: =IF($E97="","",MAX(0,$E97-SUMIFS($D$2:$D97,$B$2:$B97,$B97))) | T97: =IF($D97="","",IF(AND($D97=0,SUM($H97:$S97)=0),"OK",IF(SUM($H97:$S97)=0,"Sem detalhe",IF(AND(OR(SUM($H97:$I97)=$D97,SUM($H97:$I97)=0),OR(SUM($J97:$K97)=$D97,SUM($J97:$K97)=0),OR(SUM($L97:$S97)=$D97,SUM($L97:$S97)=0)),"OK","Verificar: "&IF(AND(SUM($H97:$I97)<>$D97,SUM($H97:$I97)<>0),"perfil ","")&IF(AND(SUM($J97:$K97)<>$D97,SUM($J97:$K97)<>0),"gênero ","")&IF(AND(SUM($L97:$S97)<>$D97,SUM($L97:$S97)<>0),"professor","")))))
A98: 46150 | B98: =IF($A98="","",CHOOSE(MONTH($A98),"Janeiro","Fevereiro","Março","Abril","Maio","Junho","Julho","Agosto","Setembro","Outubro","Novembro","Dezembro")) | C98: =IF($A98="","",CHOOSE(WEEKDAY($A98),"Domingo","Segunda-feira","Terça-feira","Quarta-feira","Quinta-feira","Sexta-feira","Sábado")) | E98: =IFERROR(INDEX(Consolidado_Mensal!$B$2:$B$12,MATCH($B98,Consolidado_Mensal!$A$2:$A$12,0)),"") | F98: =IF($E98="","",SUMIFS($D$2:$D98,$B$2:$B98,$B98)/$E98) | G98: =IF($E98="","",MAX(0,$E98-SUMIFS($D$2:$D98,$B$2:$B98,$B98))) | T98: =IF($D98="","",IF(AND($D98=0,SUM($H98:$S98)=0),"OK",IF(SUM($H98:$S98)=0,"Sem detalhe",IF(AND(OR(SUM($H98:$I98)=$D98,SUM($H98:$I98)=0),OR(SUM($J98:$K98)=$D98,SUM($J98:$K98)=0),OR(SUM($L98:$S98)=$D98,SUM($L98:$S98)=0)),"OK","Verificar: "&IF(AND(SUM($H98:$I98)<>$D98,SUM($H98:$I98)<>0),"perfil ","")&IF(AND(SUM($J98:$K98)<>$D98,SUM($J98:$K98)<>0),"gênero ","")&IF(AND(SUM($L98:$S98)<>$D98,SUM($L98:$S98)<>0),"professor","")))))
A99: 46151 | B99: =IF($A99="","",CHOOSE(MONTH($A99),"Janeiro","Fevereiro","Março","Abril","Maio","Junho","Julho","Agosto","Setembro","Outubro","Novembro","Dezembro")) | C99: =IF($A99="","",CHOOSE(WEEKDAY($A99),"Domingo","Segunda-feira","Terça-feira","Quarta-feira","Quinta-feira","Sexta-feira","Sábado")) | E99: =IFERROR(INDEX(Consolidado_Mensal!$B$2:$B$12,MATCH($B99,Consolidado_Mensal!$A$2:$A$12,0)),"") | F99: =IF($E99="","",SUMIFS($D$2:$D99,$B$2:$B99,$B99)/$E99) | G99: =IF($E99="","",MAX(0,$E99-SUMIFS($D$2:$D99,$B$2:$B99,$B99))) | T99: =IF($D99="","",IF(AND($D99=0,SUM($H99:$S99)=0),"OK",IF(SUM($H99:$S99)=0,"Sem detalhe",IF(AND(OR(SUM($H99:$I99)=$D99,SUM($H99:$I99)=0),OR(SUM($J99:$K99)=$D99,SUM($J99:$K99)=0),OR(SUM($L99:$S99)=$D99,SUM($L99:$S99)=0)),"OK","Verificar: "&IF(AND(SUM($H99:$I99)<>$D99,SUM($H99:$I99)<>0),"perfil ","")&IF(AND(SUM($J99:$K99)<>$D99,SUM($J99:$K99)<>0),"gênero ","")&IF(AND(SUM($L99:$S99)<>$D99,SUM($L99:$S99)<>0),"professor","")))))
A100: 46152 | B100: =IF($A100="","",CHOOSE(MONTH($A100),"Janeiro","Fevereiro","Março","Abril","Maio","Junho","Julho","Agosto","Setembro","Outubro","Novembro","Dezembro")) | C100: =IF($A100="","",CHOOSE(WEEKDAY($A100),"Domingo","Segunda-feira","Terça-feira","Quarta-feira","Quinta-feira","Sexta-feira","Sábado")) | E100: =IFERROR(INDEX(Consolidado_Mensal!$B$2:$B$12,MATCH($B100,Consolidado_Mensal!$A$2:$A$12,0)),"") | F100: =IF($E100="","",SUMIFS($D$2:$D100,$B$2:$B100,$B100)/$E100) | G100: =IF($E100="","",MAX(0,$E100-SUMIFS($D$2:$D100,$B$2:$B100,$B100))) | T100: =IF($D100="","",IF(AND($D100=0,SUM($H100:$S100)=0),"OK",IF(SUM($H100:$S100)=0,"Sem detalhe",IF(AND(OR(SUM($H100:$I100)=$D100,SUM($H100:$I100)=0),OR(SUM($J100:$K100)=$D100,SUM($J100:$K100)=0),OR(SUM($L100:$S100)=$D100,SUM($L100:$S100)=0)),"OK","Verificar: "&IF(AND(SUM($H100:$I100)<>$D100,SUM($H100:$I100)<>0),"perfil ","")&IF(AND(SUM($J100:$K100)<>$D100,SUM($J100:$K100)<>0),"gênero ","")&IF(AND(SUM($L100:$S100)<>$D100,SUM($L100:$S100)<>0),"professor","")))))
A101: 46153 | B101: =IF($A101="","",CHOOSE(MONTH($A101),"Janeiro","Fevereiro","Março","Abril","Maio","Junho","Julho","Agosto","Setembro","Outubro","Novembro","Dezembro")) | C101: =IF($A101="","",CHOOSE(WEEKDAY($A101),"Domingo","Segunda-feira","Terça-feira","Quarta-feira","Quinta-feira","Sexta-feira","Sábado")) | D101: 2 | E101: =IFERROR(INDEX(Consolidado_Mensal!$B$2:$B$12,MATCH($B101,Consolidado_Mensal!$A$2:$A$12,0)),"") | F101: =IF($E101="","",SUMIFS($D$2:$D101,$B$2:$B101,$B101)/$E101) | G101: =IF($E101="","",MAX(0,$E101-SUMIFS($D$2:$D101,$B$2:$B101,$B101))) | T101: =IF($D101="","",IF(AND($D101=0,SUM($H101:$S101)=0),"OK",IF(SUM($H101:$S101)=0,"Sem detalhe",IF(AND(OR(SUM($H101:$I101)=$D101,SUM($H101:$I101)=0),OR(SUM($J101:$K101)=$D101,SUM($J101:$K101)=0),OR(SUM($L101:$S101)=$D101,SUM($L101:$S101)=0)),"OK","Verificar: "&IF(AND(SUM($H101:$I101)<>$D101,SUM($H101:$I101)<>0),"perfil ","")&IF(AND(SUM($J101:$K101)<>$D101,SUM($J101:$K101)<>0),"gênero ","")&IF(AND(SUM($L101:$S101)<>$D101,SUM($L101:$S101)<>0),"professor","")))))
A102: 46154 | B102: =IF($A102="","",CHOOSE(MONTH($A102),"Janeiro","Fevereiro","Março","Abril","Maio","Junho","Julho","Agosto","Setembro","Outubro","Novembro","Dezembro")) | C102: =IF($A102="","",CHOOSE(WEEKDAY($A102),"Domingo","Segunda-feira","Terça-feira","Quarta-feira","Quinta-feira","Sexta-feira","Sábado")) | D102: 3 | E102: =IFERROR(INDEX(Consolidado_Mensal!$B$2:$B$12,MATCH($B102,Consolidado_Mensal!$A$2:$A$12,0)),"") | F102: =IF($E102="","",SUMIFS($D$2:$D102,$B$2:$B102,$B102)/$E102) | G102: =IF($E102="","",MAX(0,$E102-SUMIFS($D$2:$D102,$B$2:$B102,$B102))) | T102: =IF($D102="","",IF(AND($D102=0,SUM($H102:$S102)=0),"OK",IF(SUM($H102:$S102)=0,"Sem detalhe",IF(AND(OR(SUM($H102:$I102)=$D102,SUM($H102:$I102)=0),OR(SUM($J102:$K102)=$D102,SUM($J102:$K102)=0),OR(SUM($L102:$S102)=$D102,SUM($L102:$S102)=0)),"OK","Verificar: "&IF(AND(SUM($H102:$I102)<>$D102,SUM($H102:$I102)<>0),"perfil ","")&IF(AND(SUM($J102:$K102)<>$D102,SUM($J102:$K102)<>0),"gênero ","")&IF(AND(SUM($L102:$S102)<>$D102,SUM($L102:$S102)<>0),"professor","")))))
A103: 46155 | B103: =IF($A103="","",CHOOSE(MONTH($A103),"Janeiro","Fevereiro","Março","Abril","Maio","Junho","Julho","Agosto","Setembro","Outubro","Novembro","Dezembro")) | C103: =IF($A103="","",CHOOSE(WEEKDAY($A103),"Domingo","Segunda-feira","Terça-feira","Quarta-feira","Quinta-feira","Sexta-feira","Sábado")) | D103: 3 | E103: =IFERROR(INDEX(Consolidado_Mensal!$B$2:$B$12,MATCH($B103,Consolidado_Mensal!$A$2:$A$12,0)),"") | F103: =IF($E103="","",SUMIFS($D$2:$D103,$B$2:$B103,$B103)/$E103) | G103: =IF($E103="","",MAX(0,$E103-SUMIFS($D$2:$D103,$B$2:$B103,$B103))) | T103: =IF($D103="","",IF(AND($D103=0,SUM($H103:$S103)=0),"OK",IF(SUM($H103:$S103)=0,"Sem detalhe",IF(AND(OR(SUM($H103:$I103)=$D103,SUM($H103:$I103)=0),OR(SUM($J103:$K103)=$D103,SUM($J103:$K103)=0),OR(SUM($L103:$S103)=$D103,SUM($L103:$S103)=0)),"OK","Verificar: "&IF(AND(SUM($H103:$I103)<>$D103,SUM($H103:$I103)<>0),"perfil ","")&IF(AND(SUM($J103:$K103)<>$D103,SUM($J103:$K103)<>0),"gênero ","")&IF(AND(SUM($L103:$S103)<>$D103,SUM($L103:$S103)<>0),"professor","")))))
A104: 46156 | B104: =IF($A104="","",CHOOSE(MONTH($A104),"Janeiro","Fevereiro","Março","Abril","Maio","Junho","Julho","Agosto","Setembro","Outubro","Novembro","Dezembro")) | C104: =IF($A104="","",CHOOSE(WEEKDAY($A104),"Domingo","Segunda-feira","Terça-feira","Quarta-feira","Quinta-feira","Sexta-feira","Sábado")) | D104: 2 | E104: =IFERROR(INDEX(Consolidado_Mensal!$B$2:$B$12,MATCH($B104,Consolidado_Mensal!$A$2:$A$12,0)),"") | F104: =IF($E104="","",SUMIFS($D$2:$D104,$B$2:$B104,$B104)/$E104) | G104: =IF($E104="","",MAX(0,$E104-SUMIFS($D$2:$D104,$B$2:$B104,$B104))) | T104: =IF($D104="","",IF(AND($D104=0,SUM($H104:$S104)=0),"OK",IF(SUM($H104:$S104)=0,"Sem detalhe",IF(AND(OR(SUM($H104:$I104)=$D104,SUM($H104:$I104)=0),OR(SUM($J104:$K104)=$D104,SUM($J104:$K104)=0),OR(SUM($L104:$S104)=$D104,SUM($L104:$S104)=0)),"OK","Verificar: "&IF(AND(SUM($H104:$I104)<>$D104,SUM($H104:$I104)<>0),"perfil ","")&IF(AND(SUM($J104:$K104)<>$D104,SUM($J104:$K104)<>0),"gênero ","")&IF(AND(SUM($L104:$S104)<>$D104,SUM($L104:$S104)<>0),"professor","")))))
A105: 46157 | B105: =IF($A105="","",CHOOSE(MONTH($A105),"Janeiro","Fevereiro","Março","Abril","Maio","Junho","Julho","Agosto","Setembro","Outubro","Novembro","Dezembro")) | C105: =IF($A105="","",CHOOSE(WEEKDAY($A105),"Domingo","Segunda-feira","Terça-feira","Quarta-feira","Quinta-feira","Sexta-feira","Sábado")) | E105: =IFERROR(INDEX(Consolidado_Mensal!$B$2:$B$12,MATCH($B105,Consolidado_Mensal!$A$2:$A$12,0)),"") | F105: =IF($E105="","",SUMIFS($D$2:$D105,$B$2:$B105,$B105)/$E105) | G105: =IF($E105="","",MAX(0,$E105-SUMIFS($D$2:$D105,$B$2:$B105,$B105))) | T105: =IF($D105="","",IF(AND($D105=0,SUM($H105:$S105)=0),"OK",IF(SUM($H105:$S105)=0,"Sem detalhe",IF(AND(OR(SUM($H105:$I105)=$D105,SUM($H105:$I105)=0),OR(SUM($J105:$K105)=$D105,SUM($J105:$K105)=0),OR(SUM($L105:$S105)=$D105,SUM($L105:$S105)=0)),"OK","Verificar: "&IF(AND(SUM($H105:$I105)<>$D105,SUM($H105:$I105)<>0),"perfil ","")&IF(AND(SUM($J105:$K105)<>$D105,SUM($J105:$K105)<>0),"gênero ","")&IF(AND(SUM($L105:$S105)<>$D105,SUM($L105:$S105)<>0),"professor","")))))
A106: 46158 | B106: =IF($A106="","",CHOOSE(MONTH($A106),"Janeiro","Fevereiro","Março","Abril","Maio","Junho","Julho","Agosto","Setembro","Outubro","Novembro","Dezembro")) | C106: =IF($A106="","",CHOOSE(WEEKDAY($A106),"Domingo","Segunda-feira","Terça-feira","Quarta-feira","Quinta-feira","Sexta-feira","Sábado")) | E106: =IFERROR(INDEX(Consolidado_Mensal!$B$2:$B$12,MATCH($B106,Consolidado_Mensal!$A$2:$A$12,0)),"") | F106: =IF($E106="","",SUMIFS($D$2:$D106,$B$2:$B106,$B106)/$E106) | G106: =IF($E106="","",MAX(0,$E106-SUMIFS($D$2:$D106,$B$2:$B106,$B106))) | T106: =IF($D106="","",IF(AND($D106=0,SUM($H106:$S106)=0),"OK",IF(SUM($H106:$S106)=0,"Sem detalhe",IF(AND(OR(SUM($H106:$I106)=$D106,SUM($H106:$I106)=0),OR(SUM($J106:$K106)=$D106,SUM($J106:$K106)=0),OR(SUM($L106:$S106)=$D106,SUM($L106:$S106)=0)),"OK","Verificar: "&IF(AND(SUM($H106:$I106)<>$D106,SUM($H106:$I106)<>0),"perfil ","")&IF(AND(SUM($J106:$K106)<>$D106,SUM($J106:$K106)<>0),"gênero ","")&IF(AND(SUM($L106:$S106)<>$D106,SUM($L106:$S106)<>0),"professor","")))))
A107: 46159 | B107: =IF($A107="","",CHOOSE(MONTH($A107),"Janeiro","Fevereiro","Março","Abril","Maio","Junho","Julho","Agosto","Setembro","Outubro","Novembro","Dezembro")) | C107: =IF($A107="","",CHOOSE(WEEKDAY($A107),"Domingo","Segunda-feira","Terça-feira","Quarta-feira","Quinta-feira","Sexta-feira","Sábado")) | E107: =IFERROR(INDEX(Consolidado_Mensal!$B$2:$B$12,MATCH($B107,Consolidado_Mensal!$A$2:$A$12,0)),"") | F107: =IF($E107="","",SUMIFS($D$2:$D107,$B$2:$B107,$B107)/$E107) | G107: =IF($E107="","",MAX(0,$E107-SUMIFS($D$2:$D107,$B$2:$B107,$B107))) | T107: =IF($D107="","",IF(AND($D107=0,SUM($H107:$S107)=0),"OK",IF(SUM($H107:$S107)=0,"Sem detalhe",IF(AND(OR(SUM($H107:$I107)=$D107,SUM($H107:$I107)=0),OR(SUM($J107:$K107)=$D107,SUM($J107:$K107)=0),OR(SUM($L107:$S107)=$D107,SUM($L107:$S107)=0)),"OK","Verificar: "&IF(AND(SUM($H107:$I107)<>$D107,SUM($H107:$I107)<>0),"perfil ","")&IF(AND(SUM($J107:$K107)<>$D107,SUM($J107:$K107)<>0),"gênero ","")&IF(AND(SUM($L107:$S107)<>$D107,SUM($L107:$S107)<>0),"professor","")))))
A108: 46160 | B108: =IF($A108="","",CHOOSE(MONTH($A108),"Janeiro","Fevereiro","Março","Abril","Maio","Junho","Julho","Agosto","Setembro","Outubro","Novembro","Dezembro")) | C108: =IF($A108="","",CHOOSE(WEEKDAY($A108),"Domingo","Segunda-feira","Terça-feira","Quarta-feira","Quinta-feira","Sexta-feira","Sábado")) | D108: 2 | E108: =IFERROR(INDEX(Consolidado_Mensal!$B$2:$B$12,MATCH($B108,Consolidado_Mensal!$A$2:$A$12,0)),"") | F108: =IF($E108="","",SUMIFS($D$2:$D108,$B$2:$B108,$B108)/$E108) | G108: =IF($E108="","",MAX(0,$E108-SUMIFS($D$2:$D108,$B$2:$B108,$B108))) | T108: =IF($D108="","",IF(AND($D108=0,SUM($H108:$S108)=0),"OK",IF(SUM($H108:$S108)=0,"Sem detalhe",IF(AND(OR(SUM($H108:$I108)=$D108,SUM($H108:$I108)=0),OR(SUM($J108:$K108)=$D108,SUM($J108:$K108)=0),OR(SUM($L108:$S108)=$D108,SUM($L108:$S108)=0)),"OK","Verificar: "&IF(AND(SUM($H108:$I108)<>$D108,SUM($H108:$I108)<>0),"perfil ","")&IF(AND(SUM($J108:$K108)<>$D108,SUM($J108:$K108)<>0),"gênero ","")&IF(AND(SUM($L108:$S108)<>$D108,SUM($L108:$S108)<>0),"professor","")))))
A109: 46161 | B109: =IF($A109="","",CHOOSE(MONTH($A109),"Janeiro","Fevereiro","Março","Abril","Maio","Junho","Julho","Agosto","Setembro","Outubro","Novembro","Dezembro")) | C109: =IF($A109="","",CHOOSE(WEEKDAY($A109),"Domingo","Segunda-feira","Terça-feira","Quarta-feira","Quinta-feira","Sexta-feira","Sábado")) | D109: 4 | E109: =IFERROR(INDEX(Consolidado_Mensal!$B$2:$B$12,MATCH($B109,Consolidado_Mensal!$A$2:$A$12,0)),"") | F109: =IF($E109="","",SUMIFS($D$2:$D109,$B$2:$B109,$B109)/$E109) | G109: =IF($E109="","",MAX(0,$E109-SUMIFS($D$2:$D109,$B$2:$B109,$B109))) | T109: =IF($D109="","",IF(AND($D109=0,SUM($H109:$S109)=0),"OK",IF(SUM($H109:$S109)=0,"Sem detalhe",IF(AND(OR(SUM($H109:$I109)=$D109,SUM($H109:$I109)=0),OR(SUM($J109:$K109)=$D109,SUM($J109:$K109)=0),OR(SUM($L109:$S109)=$D109,SUM($L109:$S109)=0)),"OK","Verificar: "&IF(AND(SUM($H109:$I109)<>$D109,SUM($H109:$I109)<>0),"perfil ","")&IF(AND(SUM($J109:$K109)<>$D109,SUM($J109:$K109)<>0),"gênero ","")&IF(AND(SUM($L109:$S109)<>$D109,SUM($L109:$S109)<>0),"professor","")))))
A110: 46162 | B110: =IF($A110="","",CHOOSE(MONTH($A110),"Janeiro","Fevereiro","Março","Abril","Maio","Junho","Julho","Agosto","Setembro","Outubro","Novembro","Dezembro")) | C110: =IF($A110="","",CHOOSE(WEEKDAY($A110),"Domingo","Segunda-feira","Terça-feira","Quarta-feira","Quinta-feira","Sexta-feira","Sábado")) | D110: 2 | E110: =IFERROR(INDEX(Consolidado_Mensal!$B$2:$B$12,MATCH($B110,Consolidado_Mensal!$A$2:$A$12,0)),"") | F110: =IF($E110="","",SUMIFS($D$2:$D110,$B$2:$B110,$B110)/$E110) | G110: =IF($E110="","",MAX(0,$E110-SUMIFS($D$2:$D110,$B$2:$B110,$B110))) | T110: =IF($D110="","",IF(AND($D110=0,SUM($H110:$S110)=0),"OK",IF(SUM($H110:$S110)=0,"Sem detalhe",IF(AND(OR(SUM($H110:$I110)=$D110,SUM($H110:$I110)=0),OR(SUM($J110:$K110)=$D110,SUM($J110:$K110)=0),OR(SUM($L110:$S110)=$D110,SUM($L110:$S110)=0)),"OK","Verificar: "&IF(AND(SUM($H110:$I110)<>$D110,SUM($H110:$I110)<>0),"perfil ","")&IF(AND(SUM($J110:$K110)<>$D110,SUM($J110:$K110)<>0),"gênero ","")&IF(AND(SUM($L110:$S110)<>$D110,SUM($L110:$S110)<>0),"professor","")))))
A111: 46163 | B111: =IF($A111="","",CHOOSE(MONTH($A111),"Janeiro","Fevereiro","Março","Abril","Maio","Junho","Julho","Agosto","Setembro","Outubro","Novembro","Dezembro")) | C111: =IF($A111="","",CHOOSE(WEEKDAY($A111),"Domingo","Segunda-feira","Terça-feira","Quarta-feira","Quinta-feira","Sexta-feira","Sábado")) | D111: 2 | E111: =IFERROR(INDEX(Consolidado_Mensal!$B$2:$B$12,MATCH($B111,Consolidado_Mensal!$A$2:$A$12,0)),"") | F111: =IF($E111="","",SUMIFS($D$2:$D111,$B$2:$B111,$B111)/$E111) | G111: =IF($E111="","",MAX(0,$E111-SUMIFS($D$2:$D111,$B$2:$B111,$B111))) | T111: =IF($D111="","",IF(AND($D111=0,SUM($H111:$S111)=0),"OK",IF(SUM($H111:$S111)=0,"Sem detalhe",IF(AND(OR(SUM($H111:$I111)=$D111,SUM($H111:$I111)=0),OR(SUM($J111:$K111)=$D111,SUM($J111:$K111)=0),OR(SUM($L111:$S111)=$D111,SUM($L111:$S111)=0)),"OK","Verificar: "&IF(AND(SUM($H111:$I111)<>$D111,SUM($H111:$I111)<>0),"perfil ","")&IF(AND(SUM($J111:$K111)<>$D111,SUM($J111:$K111)<>0),"gênero ","")&IF(AND(SUM($L111:$S111)<>$D111,SUM($L111:$S111)<>0),"professor","")))))
A112: 46164 | B112: =IF($A112="","",CHOOSE(MONTH($A112),"Janeiro","Fevereiro","Março","Abril","Maio","Junho","Julho","Agosto","Setembro","Outubro","Novembro","Dezembro")) | C112: =IF($A112="","",CHOOSE(WEEKDAY($A112),"Domingo","Segunda-feira","Terça-feira","Quarta-feira","Quinta-feira","Sexta-feira","Sábado")) | E112: =IFERROR(INDEX(Consolidado_Mensal!$B$2:$B$12,MATCH($B112,Consolidado_Mensal!$A$2:$A$12,0)),"") | F112: =IF($E112="","",SUMIFS($D$2:$D112,$B$2:$B112,$B112)/$E112) | G112: =IF($E112="","",MAX(0,$E112-SUMIFS($D$2:$D112,$B$2:$B112,$B112))) | T112: =IF($D112="","",IF(AND($D112=0,SUM($H112:$S112)=0),"OK",IF(SUM($H112:$S112)=0,"Sem detalhe",IF(AND(OR(SUM($H112:$I112)=$D112,SUM($H112:$I112)=0),OR(SUM($J112:$K112)=$D112,SUM($J112:$K112)=0),OR(SUM($L112:$S112)=$D112,SUM($L112:$S112)=0)),"OK","Verificar: "&IF(AND(SUM($H112:$I112)<>$D112,SUM($H112:$I112)<>0),"perfil ","")&IF(AND(SUM($J112:$K112)<>$D112,SUM($J112:$K112)<>0),"gênero ","")&IF(AND(SUM($L112:$S112)<>$D112,SUM($L112:$S112)<>0),"professor","")))))
A113: 46165 | B113: =IF($A113="","",CHOOSE(MONTH($A113),"Janeiro","Fevereiro","Março","Abril","Maio","Junho","Julho","Agosto","Setembro","Outubro","Novembro","Dezembro")) | C113: =IF($A113="","",CHOOSE(WEEKDAY($A113),"Domingo","Segunda-feira","Terça-feira","Quarta-feira","Quinta-feira","Sexta-feira","Sábado")) | E113: =IFERROR(INDEX(Consolidado_Mensal!$B$2:$B$12,MATCH($B113,Consolidado_Mensal!$A$2:$A$12,0)),"") | F113: =IF($E113="","",SUMIFS($D$2:$D113,$B$2:$B113,$B113)/$E113) | G113: =IF($E113="","",MAX(0,$E113-SUMIFS($D$2:$D113,$B$2:$B113,$B113))) | T113: =IF($D113="","",IF(AND($D113=0,SUM($H113:$S113)=0),"OK",IF(SUM($H113:$S113)=0,"Sem detalhe",IF(AND(OR(SUM($H113:$I113)=$D113,SUM($H113:$I113)=0),OR(SUM($J113:$K113)=$D113,SUM($J113:$K113)=0),OR(SUM($L113:$S113)=$D113,SUM($L113:$S113)=0)),"OK","Verificar: "&IF(AND(SUM($H113:$I113)<>$D113,SUM($H113:$I113)<>0),"perfil ","")&IF(AND(SUM($J113:$K113)<>$D113,SUM($J113:$K113)<>0),"gênero ","")&IF(AND(SUM($L113:$S113)<>$D113,SUM($L113:$S113)<>0),"professor","")))))
A114: 46166 | B114: =IF($A114="","",CHOOSE(MONTH($A114),"Janeiro","Fevereiro","Março","Abril","Maio","Junho","Julho","Agosto","Setembro","Outubro","Novembro","Dezembro")) | C114: =IF($A114="","",CHOOSE(WEEKDAY($A114),"Domingo","Segunda-feira","Terça-feira","Quarta-feira","Quinta-feira","Sexta-feira","Sábado")) | E114: =IFERROR(INDEX(Consolidado_Mensal!$B$2:$B$12,MATCH($B114,Consolidado_Mensal!$A$2:$A$12,0)),"") | F114: =IF($E114="","",SUMIFS($D$2:$D114,$B$2:$B114,$B114)/$E114) | G114: =IF($E114="","",MAX(0,$E114-SUMIFS($D$2:$D114,$B$2:$B114,$B114))) | T114: =IF($D114="","",IF(AND($D114=0,SUM($H114:$S114)=0),"OK",IF(SUM($H114:$S114)=0,"Sem detalhe",IF(AND(OR(SUM($H114:$I114)=$D114,SUM($H114:$I114)=0),OR(SUM($J114:$K114)=$D114,SUM($J114:$K114)=0),OR(SUM($L114:$S114)=$D114,SUM($L114:$S114)=0)),"OK","Verificar: "&IF(AND(SUM($H114:$I114)<>$D114,SUM($H114:$I114)<>0),"perfil ","")&IF(AND(SUM($J114:$K114)<>$D114,SUM($J114:$K114)<>0),"gênero ","")&IF(AND(SUM($L114:$S114)<>$D114,SUM($L114:$S114)<>0),"professor","")))))
A115: 46167 | B115: =IF($A115="","",CHOOSE(MONTH($A115),"Janeiro","Fevereiro","Março","Abril","Maio","Junho","Julho","Agosto","Setembro","Outubro","Novembro","Dezembro")) | C115: =IF($A115="","",CHOOSE(WEEKDAY($A115),"Domingo","Segunda-feira","Terça-feira","Quarta-feira","Quinta-feira","Sexta-feira","Sábado")) | D115: 2 | E115: =IFERROR(INDEX(Consolidado_Mensal!$B$2:$B$12,MATCH($B115,Consolidado_Mensal!$A$2:$A$12,0)),"") | F115: =IF($E115="","",SUMIFS($D$2:$D115,$B$2:$B115,$B115)/$E115) | G115: =IF($E115="","",MAX(0,$E115-SUMIFS($D$2:$D115,$B$2:$B115,$B115))) | T115: =IF($D115="","",IF(AND($D115=0,SUM($H115:$S115)=0),"OK",IF(SUM($H115:$S115)=0,"Sem detalhe",IF(AND(OR(SUM($H115:$I115)=$D115,SUM($H115:$I115)=0),OR(SUM($J115:$K115)=$D115,SUM($J115:$K115)=0),OR(SUM($L115:$S115)=$D115,SUM($L115:$S115)=0)),"OK","Verificar: "&IF(AND(SUM($H115:$I115)<>$D115,SUM($H115:$I115)<>0),"perfil ","")&IF(AND(SUM($J115:$K115)<>$D115,SUM($J115:$K115)<>0),"gênero ","")&IF(AND(SUM($L115:$S115)<>$D115,SUM($L115:$S115)<>0),"professor","")))))
A116: 46168 | B116: =IF($A116="","",CHOOSE(MONTH($A116),"Janeiro","Fevereiro","Março","Abril","Maio","Junho","Julho","Agosto","Setembro","Outubro","Novembro","Dezembro")) | C116: =IF($A116="","",CHOOSE(WEEKDAY($A116),"Domingo","Segunda-feira","Terça-feira","Quarta-feira","Quinta-feira","Sexta-feira","Sábado")) | D116: 3 | E116: =IFERROR(INDEX(Consolidado_Mensal!$B$2:$B$12,MATCH($B116,Consolidado_Mensal!$A$2:$A$12,0)),"") | F116: =IF($E116="","",SUMIFS($D$2:$D116,$B$2:$B116,$B116)/$E116) | G116: =IF($E116="","",MAX(0,$E116-SUMIFS($D$2:$D116,$B$2:$B116,$B116))) | T116: =IF($D116="","",IF(AND($D116=0,SUM($H116:$S116)=0),"OK",IF(SUM($H116:$S116)=0,"Sem detalhe",IF(AND(OR(SUM($H116:$I116)=$D116,SUM($H116:$I116)=0),OR(SUM($J116:$K116)=$D116,SUM($J116:$K116)=0),OR(SUM($L116:$S116)=$D116,SUM($L116:$S116)=0)),"OK","Verificar: "&IF(AND(SUM($H116:$I116)<>$D116,SUM($H116:$I116)<>0),"perfil ","")&IF(AND(SUM($J116:$K116)<>$D116,SUM($J116:$K116)<>0),"gênero ","")&IF(AND(SUM($L116:$S116)<>$D116,SUM($L116:$S116)<>0),"professor","")))))
...

Sheet Histórico_Manual
A1: Mês | B1: Total | C1: Mulheres | D1: Homens | E1: Já Matriculados | F1: Aluno Novo | G1: Lucas | H1: Edy | I1: Eduardo | J1: Luiz | K1: Maria | L1: Observação
A2: Fevereiro | B2: 29 | G2: 15 | H2: 14 | L2: Sem diário: só o total do mês e o total por professor
A3: Março | G3: 22 | H3: 19 | I3: 1 | J3: 1 | K3: 1 | L3: Diário tem a quantidade por dia; professor só no total do mês (44 de 49 identificados)
A4: Abril | G4: 25 | H4: 19 | J4: 1 | K4: 4 | L4: Professor só no total do mês (49 de 50 identificados)
A5: Maio | C5: 23 | D5: 13 | G5: 16 | H5: 14 | I5: 3 | K5: 3 | L5: Gênero e professor só no total do mês
A6: Junho | G6: 18 | H6: 21 | J6: 1 | K6: 3 | L6: Gênero e perfil estão no diário; professor só no total do mês
A8: Regra: o Consolidado soma o diário MAIS esta aba. Só ponha aqui o que NÃO está lançado dia a dia, para não contar duas vezes.

Sheet Consolidado_Mensal
A1: Mês | B1: Meta | C1: Total | D1: % Meta | E1: Saldo | F1: Falta/dia | G1: M | H1: H | I1: =Diário_Avaliações!L$1 | J1: =Diário_Avaliações!M$1 | K1: =Diário_Avaliações!N$1 | L1: =Diário_Avaliações!O$1 | M1: =Diário_Avaliações!P$1 | N1: =Diário_Avaliações!Q$1 | O1: =Diário_Avaliações!R$1 | P1: =Diário_Avaliações!S$1 | Q1: Matric. | R1: Novo | S1: Origem dos dados | T1: Sem prof. identif. | U1: Nº Mês | V1: Dias restantes
A2: Fevereiro | B2: 50 | C2: =SUMIF(Diário_Avaliações!$B:$B,$A2,Diário_Avaliações!$D:$D)+IFERROR(INDEX(Histórico_Manual!$B:$B,MATCH($A2,Histórico_Manual!$A:$A,0)),0) | D2: =IF($B2=0,"",$C2/$B2) | E2: =$C2-$B2 | F2: =IF($C2>=$B2,0,IF($V2=0,"",ROUND(($B2-$C2)/$V2,1))) | G2: =SUMIF(Diário_Avaliações!$B:$B,$A2,Diário_Avaliações!$K:$K)+IFERROR(INDEX(Histórico_Manual!$C:$C,MATCH($A2,Histórico_Manual!$A:$A,0)),0) | H2: =SUMIF(Diário_Avaliações!$B:$B,$A2,Diário_Avaliações!$J:$J)+IFERROR(INDEX(Histórico_Manual!$D:$D,MATCH($A2,Histórico_Manual!$A:$A,0)),0) | I2: =IF(OR(I$1="",I$1="(livre)"),"",IFERROR(SUMIF(Diário_Avaliações!$B:$B,$A2,INDEX(Diário_Avaliações!$L:$S,0,MATCH(I$1,Diário_Avaliações!$L$1:$S$1,0))),0)+IFERROR(INDEX(Histórico_Manual!$G:$K,MATCH($A2,Histórico_Manual!$A:$A,0),MATCH(I$1,Histórico_Manual!$G$1:$K$1,0)),0)) | J2: =IF(OR(J$1="",J$1="(livre)"),"",IFERROR(SUMIF(Diário_Avaliações!$B:$B,$A2,INDEX(Diário_Avaliações!$L:$S,0,MATCH(J$1,Diário_Avaliações!$L$1:$S$1,0))),0)+IFERROR(INDEX(Histórico_Manual!$G:$K,MATCH($A2,Histórico_Manual!$A:$A,0),MATCH(J$1,Histórico_Manual!$G$1:$K$1,0)),0)) | K2: =IF(OR(K$1="",K$1="(livre)"),"",IFERROR(SUMIF(Diário_Avaliações!$B:$B,$A2,INDEX(Diário_Avaliações!$L:$S,0,MATCH(K$1,Diário_Avaliações!$L$1:$S$1,0))),0)+IFERROR(INDEX(Histórico_Manual!$G:$K,MATCH($A2,Histórico_Manual!$A:$A,0),MATCH(K$1,Histórico_Manual!$G$1:$K$1,0)),0)) | L2: =IF(OR(L$1="",L$1="(livre)"),"",IFERROR(SUMIF(Diário_Avaliações!$B:$B,$A2,INDEX(Diário_Avaliações!$L:$S,0,MATCH(L$1,Diário_Avaliações!$L$1:$S$1,0))),0)+IFERROR(INDEX(Histórico_Manual!$G:$K,MATCH($A2,Histórico_Manual!$A:$A,0),MATCH(L$1,Histórico_Manual!$G$1:$K$1,0)),0)) | M2: =IF(OR(M$1="",M$1="(livre)"),"",IFERROR(SUMIF(Diário_Avaliações!$B:$B,$A2,INDEX(Diário_Avaliações!$L:$S,0,MATCH(M$1,Diário_Avaliações!$L$1:$S$1,0))),0)+IFERROR(INDEX(Histórico_Manual!$G:$K,MATCH($A2,Histórico_Manual!$A:$A,0),MATCH(M$1,Histórico_Manual!$G$1:$K$1,0)),0)) | N2: =IF(OR(N$1="",N$1="(livre)"),"",IFERROR(SUMIF(Diário_Avaliações!$B:$B,$A2,INDEX(Diário_Avaliações!$L:$S,0,MATCH(N$1,Diário_Avaliações!$L$1:$S$1,0))),0)+IFERROR(INDEX(Histórico_Manual!$G:$K,MATCH($A2,Histórico_Manual!$A:$A,0),MATCH(N$1,Histórico_Manual!$G$1:$K$1,0)),0)) | O2: =IF(OR(O$1="",O$1="(livre)"),"",IFERROR(SUMIF(Diário_Avaliações!$B:$B,$A2,INDEX(Diário_Avaliações!$L:$S,0,MATCH(O$1,Diário_Avaliações!$L$1:$S$1,0))),0)+IFERROR(INDEX(Histórico_Manual!$G:$K,MATCH($A2,Histórico_Manual!$A:$A,0),MATCH(O$1,Histórico_Manual!$G$1:$K$1,0)),0)) | P2: =IF(OR(P$1="",P$1="(livre)"),"",IFERROR(SUMIF(Diário_Avaliações!$B:$B,$A2,INDEX(Diário_Avaliações!$L:$S,0,MATCH(P$1,Diário_Avaliações!$L$1:$S$1,0))),0)+IFERROR(INDEX(Histórico_Manual!$G:$K,MATCH($A2,Histórico_Manual!$A:$A,0),MATCH(P$1,Histórico_Manual!$G$1:$K$1,0)),0)) | Q2: =SUMIF(Diário_Avaliações!$B:$B,$A2,Diário_Avaliações!$H:$H)+IFERROR(INDEX(Histórico_Manual!$E:$E,MATCH($A2,Histórico_Manual!$A:$A,0)),0) | R2: =SUMIF(Diário_Avaliações!$B:$B,$A2,Diário_Avaliações!$I:$I)+IFERROR(INDEX(Histórico_Manual!$F:$F,MATCH($A2,Histórico_Manual!$A:$A,0)),0) | S2: =IF($C2=0,"—",IF(SUMIF(Diário_Avaliações!$B:$B,$A2,Diário_Avaliações!$D:$D)=0,"Manual",IF(ISNUMBER(MATCH($A2,Histórico_Manual!$A:$A,0)),"Diário + manual","Diário"))) | T2: =IF($C2=0,"",$C2-SUM($I2:$P2)) | U2: 2 | V2: =MAX(0,DATE(2026,2,28)-MAX(TODAY(),DATE(2026,2,1))+1)
A3: Março | B3: 50 | C3: =SUMIF(Diário_Avaliações!$B:$B,$A3,Diário_Avaliações!$D:$D)+IFERROR(INDEX(Histórico_Manual!$B:$B,MATCH($A3,Histórico_Manual!$A:$A,0)),0) | D3: =IF($B3=0,"",$C3/$B3) | E3: =$C3-$B3 | F3: =IF($C3>=$B3,0,IF($V3=0,"",ROUND(($B3-$C3)/$V3,1))) | G3: =SUMIF(Diário_Avaliações!$B:$B,$A3,Diário_Avaliações!$K:$K)+IFERROR(INDEX(Histórico_Manual!$C:$C,MATCH($A3,Histórico_Manual!$A:$A,0)),0) | H3: =SUMIF(Diário_Avaliações!$B:$B,$A3,Diário_Avaliações!$J:$J)+IFERROR(INDEX(Histórico_Manual!$D:$D,MATCH($A3,Histórico_Manual!$A:$A,0)),0) | I3: =IF(OR(I$1="",I$1="(livre)"),"",IFERROR(SUMIF(Diário_Avaliações!$B:$B,$A3,INDEX(Diário_Avaliações!$L:$S,0,MATCH(I$1,Diário_Avaliações!$L$1:$S$1,0))),0)+IFERROR(INDEX(Histórico_Manual!$G:$K,MATCH($A3,Histórico_Manual!$A:$A,0),MATCH(I$1,Histórico_Manual!$G$1:$K$1,0)),0)) | J3: =IF(OR(J$1="",J$1="(livre)"),"",IFERROR(SUMIF(Diário_Avaliações!$B:$B,$A3,INDEX(Diário_Avaliações!$L:$S,0,MATCH(J$1,Diário_Avaliações!$L$1:$S$1,0))),0)+IFERROR(INDEX(Histórico_Manual!$G:$K,MATCH($A3,Histórico_Manual!$A:$A,0),MATCH(J$1,Histórico_Manual!$G$1:$K$1,0)),0)) | K3: =IF(OR(K$1="",K$1="(livre)"),"",IFERROR(SUMIF(Diário_Avaliações!$B:$B,$A3,INDEX(Diário_Avaliações!$L:$S,0,MATCH(K$1,Diário_Avaliações!$L$1:$S$1,0))),0)+IFERROR(INDEX(Histórico_Manual!$G:$K,MATCH($A3,Histórico_Manual!$A:$A,0),MATCH(K$1,Histórico_Manual!$G$1:$K$1,0)),0)) | L3: =IF(OR(L$1="",L$1="(livre)"),"",IFERROR(SUMIF(Diário_Avaliações!$B:$B,$A3,INDEX(Diário_Avaliações!$L:$S,0,MATCH(L$1,Diário_Avaliações!$L$1:$S$1,0))),0)+IFERROR(INDEX(Histórico_Manual!$G:$K,MATCH($A3,Histórico_Manual!$A:$A,0),MATCH(L$1,Histórico_Manual!$G$1:$K$1,0)),0)) | M3: =IF(OR(M$1="",M$1="(livre)"),"",IFERROR(SUMIF(Diário_Avaliações!$B:$B,$A3,INDEX(Diário_Avaliações!$L:$S,0,MATCH(M$1,Diário_Avaliações!$L$1:$S$1,0))),0)+IFERROR(INDEX(Histórico_Manual!$G:$K,MATCH($A3,Histórico_Manual!$A:$A,0),MATCH(M$1,Histórico_Manual!$G$1:$K$1,0)),0)) | N3: =IF(OR(N$1="",N$1="(livre)"),"",IFERROR(SUMIF(Diário_Avaliações!$B:$B,$A3,INDEX(Diário_Avaliações!$L:$S,0,MATCH(N$1,Diário_Avaliações!$L$1:$S$1,0))),0)+IFERROR(INDEX(Histórico_Manual!$G:$K,MATCH($A3,Histórico_Manual!$A:$A,0),MATCH(N$1,Histórico_Manual!$G$1:$K$1,0)),0)) | O3: =IF(OR(O$1="",O$1="(livre)"),"",IFERROR(SUMIF(Diário_Avaliações!$B:$B,$A3,INDEX(Diário_Avaliações!$L:$S,0,MATCH(O$1,Diário_Avaliações!$L$1:$S$1,0))),0)+IFERROR(INDEX(Histórico_Manual!$G:$K,MATCH($A3,Histórico_Manual!$A:$A,0),MATCH(O$1,Histórico_Manual!$G$1:$K$1,0)),0)) | P3: =IF(OR(P$1="",P$1="(livre)"),"",IFERROR(SUMIF(Diário_Avaliações!$B:$B,$A3,INDEX(Diário_Avaliações!$L:$S,0,MATCH(P$1,Diário_Avaliações!$L$1:$S$1,0))),0)+IFERROR(INDEX(Histórico_Manual!$G:$K,MATCH($A3,Histórico_Manual!$A:$A,0),MATCH(P$1,Histórico_Manual!$G$1:$K$1,0)),0)) | Q3: =SUMIF(Diário_Avaliações!$B:$B,$A3,Diário_Avaliações!$H:$H)+IFERROR(INDEX(Histórico_Manual!$E:$E,MATCH($A3,Histórico_Manual!$A:$A,0)),0) | R3: =SUMIF(Diário_Avaliações!$B:$B,$A3,Diário_Avaliações!$I:$I)+IFERROR(INDEX(Histórico_Manual!$F:$F,MATCH($A3,Histórico_Manual!$A:$A,0)),0) | S3: =IF($C3=0,"—",IF(SUMIF(Diário_Avaliações!$B:$B,$A3,Diário_Avaliações!$D:$D)=0,"Manual",IF(ISNUMBER(MATCH($A3,Histórico_Manual!$A:$A,0)),"Diário + manual","Diário"))) | T3: =IF($C3=0,"",$C3-SUM($I3:$P3)) | U3: 3 | V3: =MAX(0,DATE(2026,3,31)-MAX(TODAY(),DATE(2026,3,1))+1)
A4: Abril | B4: 50 | C4: =SUMIF(Diário_Avaliações!$B:$B,$A4,Diário_Avaliações!$D:$D)+IFERROR(INDEX(Histórico_Manual!$B:$B,MATCH($A4,Histórico_Manual!$A:$A,0)),0) | D4: =IF($B4=0,"",$C4/$B4) | E4: =$C4-$B4 | F4: =IF($C4>=$B4,0,IF($V4=0,"",ROUND(($B4-$C4)/$V4,1))) | G4: =SUMIF(Diário_Avaliações!$B:$B,$A4,Diário_Avaliações!$K:$K)+IFERROR(INDEX(Histórico_Manual!$C:$C,MATCH($A4,Histórico_Manual!$A:$A,0)),0) | H4: =SUMIF(Diário_Avaliações!$B:$B,$A4,Diário_Avaliações!$J:$J)+IFERROR(INDEX(Histórico_Manual!$D:$D,MATCH($A4,Histórico_Manual!$A:$A,0)),0) | I4: =IF(OR(I$1="",I$1="(livre)"),"",IFERROR(SUMIF(Diário_Avaliações!$B:$B,$A4,INDEX(Diário_Avaliações!$L:$S,0,MATCH(I$1,Diário_Avaliações!$L$1:$S$1,0))),0)+IFERROR(INDEX(Histórico_Manual!$G:$K,MATCH($A4,Histórico_Manual!$A:$A,0),MATCH(I$1,Histórico_Manual!$G$1:$K$1,0)),0)) | J4: =IF(OR(J$1="",J$1="(livre)"),"",IFERROR(SUMIF(Diário_Avaliações!$B:$B,$A4,INDEX(Diário_Avaliações!$L:$S,0,MATCH(J$1,Diário_Avaliações!$L$1:$S$1,0))),0)+IFERROR(INDEX(Histórico_Manual!$G:$K,MATCH($A4,Histórico_Manual!$A:$A,0),MATCH(J$1,Histórico_Manual!$G$1:$K$1,0)),0)) | K4: =IF(OR(K$1="",K$1="(livre)"),"",IFERROR(SUMIF(Diário_Avaliações!$B:$B,$A4,INDEX(Diário_Avaliações!$L:$S,0,MATCH(K$1,Diário_Avaliações!$L$1:$S$1,0))),0)+IFERROR(INDEX(Histórico_Manual!$G:$K,MATCH($A4,Histórico_Manual!$A:$A,0),MATCH(K$1,Histórico_Manual!$G$1:$K$1,0)),0)) | L4: =IF(OR(L$1="",L$1="(livre)"),"",IFERROR(SUMIF(Diário_Avaliações!$B:$B,$A4,INDEX(Diário_Avaliações!$L:$S,0,MATCH(L$1,Diário_Avaliações!$L$1:$S$1,0))),0)+IFERROR(INDEX(Histórico_Manual!$G:$K,MATCH($A4,Histórico_Manual!$A:$A,0),MATCH(L$1,Histórico_Manual!$G$1:$K$1,0)),0)) | M4: =IF(OR(M$1="",M$1="(livre)"),"",IFERROR(SUMIF(Diário_Avaliações!$B:$B,$A4,INDEX(Diário_Avaliações!$L:$S,0,MATCH(M$1,Diário_Avaliações!$L$1:$S$1,0))),0)+IFERROR(INDEX(Histórico_Manual!$G:$K,MATCH($A4,Histórico_Manual!$A:$A,0),MATCH(M$1,Histórico_Manual!$G$1:$K$1,0)),0)) | N4: =IF(OR(N$1="",N$1="(livre)"),"",IFERROR(SUMIF(Diário_Avaliações!$B:$B,$A4,INDEX(Diário_Avaliações!$L:$S,0,MATCH(N$1,Diário_Avaliações!$L$1:$S$1,0))),0)+IFERROR(INDEX(Histórico_Manual!$G:$K,MATCH($A4,Histórico_Manual!$A:$A,0),MATCH(N$1,Histórico_Manual!$G$1:$K$1,0)),0)) | O4: =IF(OR(O$1="",O$1="(livre)"),"",IFERROR(SUMIF(Diário_Avaliações!$B:$B,$A4,INDEX(Diário_Avaliações!$L:$S,0,MATCH(O$1,Diário_Avaliações!$L$1:$S$1,0))),0)+IFERROR(INDEX(Histórico_Manual!$G:$K,MATCH($A4,Histórico_Manual!$A:$A,0),MATCH(O$1,Histórico_Manual!$G$1:$K$1,0)),0)) | P4: =IF(OR(P$1="",P$1="(livre)"),"",IFERROR(SUMIF(Diário_Avaliações!$B:$B,$A4,INDEX(Diário_Avaliações!$L:$S,0,MATCH(P$1,Diário_Avaliações!$L$1:$S$1,0))),0)+IFERROR(INDEX(Histórico_Manual!$G:$K,MATCH($A4,Histórico_Manual!$A:$A,0),MATCH(P$1,Histórico_Manual!$G$1:$K$1,0)),0)) | Q4: =SUMIF(Diário_Avaliações!$B:$B,$A4,Diário_Avaliações!$H:$H)+IFERROR(INDEX(Histórico_Manual!$E:$E,MATCH($A4,Histórico_Manual!$A:$A,0)),0) | R4: =SUMIF(Diário_Avaliações!$B:$B,$A4,Diário_Avaliações!$I:$I)+IFERROR(INDEX(Histórico_Manual!$F:$F,MATCH($A4,Histórico_Manual!$A:$A,0)),0) | S4: =IF($C4=0,"—",IF(SUMIF(Diário_Avaliações!$B:$B,$A4,Diário_Avaliações!$D:$D)=0,"Manual",IF(ISNUMBER(MATCH($A4,Histórico_Manual!$A:$A,0)),"Diário + manual","Diário"))) | T4: =IF($C4=0,"",$C4-SUM($I4:$P4)) | U4: 4 | V4: =MAX(0,DATE(2026,4,30)-MAX(TODAY(),DATE(2026,4,1))+1)
A5: Maio | B5: 50 | C5: =SUMIF(Diário_Avaliações!$B:$B,$A5,Diário_Avaliações!$D:$D)+IFERROR(INDEX(Histórico_Manual!$B:$B,MATCH($A5,Histórico_Manual!$A:$A,0)),0) | D5: =IF($B5=0,"",$C5/$B5) | E5: =$C5-$B5 | F5: =IF($C5>=$B5,0,IF($V5=0,"",ROUND(($B5-$C5)/$V5,1))) | G5: =SUMIF(Diário_Avaliações!$B:$B,$A5,Diário_Avaliações!$K:$K)+IFERROR(INDEX(Histórico_Manual!$C:$C,MATCH($A5,Histórico_Manual!$A:$A,0)),0) | H5: =SUMIF(Diário_Avaliações!$B:$B,$A5,Diário_Avaliações!$J:$J)+IFERROR(INDEX(Histórico_Manual!$D:$D,MATCH($A5,Histórico_Manual!$A:$A,0)),0) | I5: =IF(OR(I$1="",I$1="(livre)"),"",IFERROR(SUMIF(Diário_Avaliações!$B:$B,$A5,INDEX(Diário_Avaliações!$L:$S,0,MATCH(I$1,Diário_Avaliações!$L$1:$S$1,0))),0)+IFERROR(INDEX(Histórico_Manual!$G:$K,MATCH($A5,Histórico_Manual!$A:$A,0),MATCH(I$1,Histórico_Manual!$G$1:$K$1,0)),0)) | J5: =IF(OR(J$1="",J$1="(livre)"),"",IFERROR(SUMIF(Diário_Avaliações!$B:$B,$A5,INDEX(Diário_Avaliações!$L:$S,0,MATCH(J$1,Diário_Avaliações!$L$1:$S$1,0))),0)+IFERROR(INDEX(Histórico_Manual!$G:$K,MATCH($A5,Histórico_Manual!$A:$A,0),MATCH(J$1,Histórico_Manual!$G$1:$K$1,0)),0)) | K5: =IF(OR(K$1="",K$1="(livre)"),"",IFERROR(SUMIF(Diário_Avaliações!$B:$B,$A5,INDEX(Diário_Avaliações!$L:$S,0,MATCH(K$1,Diário_Avaliações!$L$1:$S$1,0))),0)+IFERROR(INDEX(Histórico_Manual!$G:$K,MATCH($A5,Histórico_Manual!$A:$A,0),MATCH(K$1,Histórico_Manual!$G$1:$K$1,0)),0)) | L5: =IF(OR(L$1="",L$1="(livre)"),"",IFERROR(SUMIF(Diário_Avaliações!$B:$B,$A5,INDEX(Diário_Avaliações!$L:$S,0,MATCH(L$1,Diário_Avaliações!$L$1:$S$1,0))),0)+IFERROR(INDEX(Histórico_Manual!$G:$K,MATCH($A5,Histórico_Manual!$A:$A,0),MATCH(L$1,Histórico_Manual!$G$1:$K$1,0)),0)) | M5: =IF(OR(M$1="",M$1="(livre)"),"",IFERROR(SUMIF(Diário_Avaliações!$B:$B,$A5,INDEX(Diário_Avaliações!$L:$S,0,MATCH(M$1,Diário_Avaliações!$L$1:$S$1,0))),0)+IFERROR(INDEX(Histórico_Manual!$G:$K,MATCH($A5,Histórico_Manual!$A:$A,0),MATCH(M$1,Histórico_Manual!$G$1:$K$1,0)),0)) | N5: =IF(OR(N$1="",N$1="(livre)"),"",IFERROR(SUMIF(Diário_Avaliações!$B:$B,$A5,INDEX(Diário_Avaliações!$L:$S,0,MATCH(N$1,Diário_Avaliações!$L$1:$S$1,0))),0)+IFERROR(INDEX(Histórico_Manual!$G:$K,MATCH($A5,Histórico_Manual!$A:$A,0),MATCH(N$1,Histórico_Manual!$G$1:$K$1,0)),0)) | O5: =IF(OR(O$1="",O$1="(livre)"),"",IFERROR(SUMIF(Diário_Avaliações!$B:$B,$A5,INDEX(Diário_Avaliações!$L:$S,0,MATCH(O$1,Diário_Avaliações!$L$1:$S$1,0))),0)+IFERROR(INDEX(Histórico_Manual!$G:$K,MATCH($A5,Histórico_Manual!$A:$A,0),MATCH(O$1,Histórico_Manual!$G$1:$K$1,0)),0)) | P5: =IF(OR(P$1="",P$1="(livre)"),"",IFERROR(SUMIF(Diário_Avaliações!$B:$B,$A5,INDEX(Diário_Avaliações!$L:$S,0,MATCH(P$1,Diário_Avaliações!$L$1:$S$1,0))),0)+IFERROR(INDEX(Histórico_Manual!$G:$K,MATCH($A5,Histórico_Manual!$A:$A,0),MATCH(P$1,Histórico_Manual!$G$1:$K$1,0)),0)) | Q5: =SUMIF(Diário_Avaliações!$B:$B,$A5,Diário_Avaliações!$H:$H)+IFERROR(INDEX(Histórico_Manual!$E:$E,MATCH($A5,Histórico_Manual!$A:$A,0)),0) | R5: =SUMIF(Diário_Avaliações!$B:$B,$A5,Diário_Avaliações!$I:$I)+IFERROR(INDEX(Histórico_Manual!$F:$F,MATCH($A5,Histórico_Manual!$A:$A,0)),0) | S5: =IF($C5=0,"—",IF(SUMIF(Diário_Avaliações!$B:$B,$A5,Diário_Avaliações!$D:$D)=0,"Manual",IF(ISNUMBER(MATCH($A5,Histórico_Manual!$A:$A,0)),"Diário + manual","Diário"))) | T5: =IF($C5=0,"",$C5-SUM($I5:$P5)) | U5: 5 | V5: =MAX(0,DATE(2026,5,31)-MAX(TODAY(),DATE(2026,5,1))+1)
A6: Junho | B6: 50 | C6: =SUMIF(Diário_Avaliações!$B:$B,$A6,Diário_Avaliações!$D:$D)+IFERROR(INDEX(Histórico_Manual!$B:$B,MATCH($A6,Histórico_Manual!$A:$A,0)),0) | D6: =IF($B6=0,"",$C6/$B6) | E6: =$C6-$B6 | F6: =IF($C6>=$B6,0,IF($V6=0,"",ROUND(($B6-$C6)/$V6,1))) | G6: =SUMIF(Diário_Avaliações!$B:$B,$A6,Diário_Avaliações!$K:$K)+IFERROR(INDEX(Histórico_Manual!$C:$C,MATCH($A6,Histórico_Manual!$A:$A,0)),0) | H6: =SUMIF(Diário_Avaliações!$B:$B,$A6,Diário_Avaliações!$J:$J)+IFERROR(INDEX(Histórico_Manual!$D:$D,MATCH($A6,Histórico_Manual!$A:$A,0)),0) | I6: =IF(OR(I$1="",I$1="(livre)"),"",IFERROR(SUMIF(Diário_Avaliações!$B:$B,$A6,INDEX(Diário_Avaliações!$L:$S,0,MATCH(I$1,Diário_Avaliações!$L$1:$S$1,0))),0)+IFERROR(INDEX(Histórico_Manual!$G:$K,MATCH($A6,Histórico_Manual!$A:$A,0),MATCH(I$1,Histórico_Manual!$G$1:$K$1,0)),0)) | J6: =IF(OR(J$1="",J$1="(livre)"),"",IFERROR(SUMIF(Diário_Avaliações!$B:$B,$A6,INDEX(Diário_Avaliações!$L:$S,0,MATCH(J$1,Diário_Avaliações!$L$1:$S$1,0))),0)+IFERROR(INDEX(Histórico_Manual!$G:$K,MATCH($A6,Histórico_Manual!$A:$A,0),MATCH(J$1,Histórico_Manual!$G$1:$K$1,0)),0)) | K6: =IF(OR(K$1="",K$1="(livre)"),"",IFERROR(SUMIF(Diário_Avaliações!$B:$B,$A6,INDEX(Diário_Avaliações!$L:$S,0,MATCH(K$1,Diário_Avaliações!$L$1:$S$1,0))),0)+IFERROR(INDEX(Histórico_Manual!$G:$K,MATCH($A6,Histórico_Manual!$A:$A,0),MATCH(K$1,Histórico_Manual!$G$1:$K$1,0)),0)) | L6: =IF(OR(L$1="",L$1="(livre)"),"",IFERROR(SUMIF(Diário_Avaliações!$B:$B,$A6,INDEX(Diário_Avaliações!$L:$S,0,MATCH(L$1,Diário_Avaliações!$L$1:$S$1,0))),0)+IFERROR(INDEX(Histórico_Manual!$G:$K,MATCH($A6,Histórico_Manual!$A:$A,0),MATCH(L$1,Histórico_Manual!$G$1:$K$1,0)),0)) | M6: =IF(OR(M$1="",M$1="(livre)"),"",IFERROR(SUMIF(Diário_Avaliações!$B:$B,$A6,INDEX(Diário_Avaliações!$L:$S,0,MATCH(M$1,Diário_Avaliações!$L$1:$S$1,0))),0)+IFERROR(INDEX(Histórico_Manual!$G:$K,MATCH($A6,Histórico_Manual!$A:$A,0),MATCH(M$1,Histórico_Manual!$G$1:$K$1,0)),0)) | N6: =IF(OR(N$1="",N$1="(livre)"),"",IFERROR(SUMIF(Diário_Avaliações!$B:$B,$A6,INDEX(Diário_Avaliações!$L:$S,0,MATCH(N$1,Diário_Avaliações!$L$1:$S$1,0))),0)+IFERROR(INDEX(Histórico_Manual!$G:$K,MATCH($A6,Histórico_Manual!$A:$A,0),MATCH(N$1,Histórico_Manual!$G$1:$K$1,0)),0)) | O6: =IF(OR(O$1="",O$1="(livre)"),"",IFERROR(SUMIF(Diário_Avaliações!$B:$B,$A6,INDEX(Diário_Avaliações!$L:$S,0,MATCH(O$1,Diário_Avaliações!$L$1:$S$1,0))),0)+IFERROR(INDEX(Histórico_Manual!$G:$K,MATCH($A6,Histórico_Manual!$A:$A,0),MATCH(O$1,Histórico_Manual!$G$1:$K$1,0)),0)) | P6: =IF(OR(P$1="",P$1="(livre)"),"",IFERROR(SUMIF(Diário_Avaliações!$B:$B,$A6,INDEX(Diário_Avaliações!$L:$S,0,MATCH(P$1,Diário_Avaliações!$L$1:$S$1,0))),0)+IFERROR(INDEX(Histórico_Manual!$G:$K,MATCH($A6,Histórico_Manual!$A:$A,0),MATCH(P$1,Histórico_Manual!$G$1:$K$1,0)),0)) | Q6: =SUMIF(Diário_Avaliações!$B:$B,$A6,Diário_Avaliações!$H:$H)+IFERROR(INDEX(Histórico_Manual!$E:$E,MATCH($A6,Histórico_Manual!$A:$A,0)),0) | R6: =SUMIF(Diário_Avaliações!$B:$B,$A6,Diário_Avaliações!$I:$I)+IFERROR(INDEX(Histórico_Manual!$F:$F,MATCH($A6,Histórico_Manual!$A:$A,0)),0) | S6: =IF($C6=0,"—",IF(SUMIF(Diário_Avaliações!$B:$B,$A6,Diário_Avaliações!$D:$D)=0,"Manual",IF(ISNUMBER(MATCH($A6,Histórico_Manual!$A:$A,0)),"Diário + manual","Diário"))) | T6: =IF($C6=0,"",$C6-SUM($I6:$P6)) | U6: 6 | V6: =MAX(0,DATE(2026,6,30)-MAX(TODAY(),DATE(2026,6,1))+1)
A7: Julho | B7: 50 | C7: =SUMIF(Diário_Avaliações!$B:$B,$A7,Diário_Avaliações!$D:$D)+IFERROR(INDEX(Histórico_Manual!$B:$B,MATCH($A7,Histórico_Manual!$A:$A,0)),0) | D7: =IF($B7=0,"",$C7/$B7) | E7: =$C7-$B7 | F7: =IF($C7>=$B7,0,IF($V7=0,"",ROUND(($B7-$C7)/$V7,1))) | G7: =SUMIF(Diário_Avaliações!$B:$B,$A7,Diário_Avaliações!$K:$K)+IFERROR(INDEX(Histórico_Manual!$C:$C,MATCH($A7,Histórico_Manual!$A:$A,0)),0) | H7: =SUMIF(Diário_Avaliações!$B:$B,$A7,Diário_Avaliações!$J:$J)+IFERROR(INDEX(Histórico_Manual!$D:$D,MATCH($A7,Histórico_Manual!$A:$A,0)),0) | I7: =IF(OR(I$1="",I$1="(livre)"),"",IFERROR(SUMIF(Diário_Avaliações!$B:$B,$A7,INDEX(Diário_Avaliações!$L:$S,0,MATCH(I$1,Diário_Avaliações!$L$1:$S$1,0))),0)+IFERROR(INDEX(Histórico_Manual!$G:$K,MATCH($A7,Histórico_Manual!$A:$A,0),MATCH(I$1,Histórico_Manual!$G$1:$K$1,0)),0)) | J7: =IF(OR(J$1="",J$1="(livre)"),"",IFERROR(SUMIF(Diário_Avaliações!$B:$B,$A7,INDEX(Diário_Avaliações!$L:$S,0,MATCH(J$1,Diário_Avaliações!$L$1:$S$1,0))),0)+IFERROR(INDEX(Histórico_Manual!$G:$K,MATCH($A7,Histórico_Manual!$A:$A,0),MATCH(J$1,Histórico_Manual!$G$1:$K$1,0)),0)) | K7: =IF(OR(K$1="",K$1="(livre)"),"",IFERROR(SUMIF(Diário_Avaliações!$B:$B,$A7,INDEX(Diário_Avaliações!$L:$S,0,MATCH(K$1,Diário_Avaliações!$L$1:$S$1,0))),0)+IFERROR(INDEX(Histórico_Manual!$G:$K,MATCH($A7,Histórico_Manual!$A:$A,0),MATCH(K$1,Histórico_Manual!$G$1:$K$1,0)),0)) | L7: =IF(OR(L$1="",L$1="(livre)"),"",IFERROR(SUMIF(Diário_Avaliações!$B:$B,$A7,INDEX(Diário_Avaliações!$L:$S,0,MATCH(L$1,Diário_Avaliações!$L$1:$S$1,0))),0)+IFERROR(INDEX(Histórico_Manual!$G:$K,MATCH($A7,Histórico_Manual!$A:$A,0),MATCH(L$1,Histórico_Manual!$G$1:$K$1,0)),0)) | M7: =IF(OR(M$1="",M$1="(livre)"),"",IFERROR(SUMIF(Diário_Avaliações!$B:$B,$A7,INDEX(Diário_Avaliações!$L:$S,0,MATCH(M$1,Diário_Avaliações!$L$1:$S$1,0))),0)+IFERROR(INDEX(Histórico_Manual!$G:$K,MATCH($A7,Histórico_Manual!$A:$A,0),MATCH(M$1,Histórico_Manual!$G$1:$K$1,0)),0)) | N7: =IF(OR(N$1="",N$1="(livre)"),"",IFERROR(SUMIF(Diário_Avaliações!$B:$B,$A7,INDEX(Diário_Avaliações!$L:$S,0,MATCH(N$1,Diário_Avaliações!$L$1:$S$1,0))),0)+IFERROR(INDEX(Histórico_Manual!$G:$K,MATCH($A7,Histórico_Manual!$A:$A,0),MATCH(N$1,Histórico_Manual!$G$1:$K$1,0)),0)) | O7: =IF(OR(O$1="",O$1="(livre)"),"",IFERROR(SUMIF(Diário_Avaliações!$B:$B,$A7,INDEX(Diário_Avaliações!$L:$S,0,MATCH(O$1,Diário_Avaliações!$L$1:$S$1,0))),0)+IFERROR(INDEX(Histórico_Manual!$G:$K,MATCH($A7,Histórico_Manual!$A:$A,0),MATCH(O$1,Histórico_Manual!$G$1:$K$1,0)),0)) | P7: =IF(OR(P$1="",P$1="(livre)"),"",IFERROR(SUMIF(Diário_Avaliações!$B:$B,$A7,INDEX(Diário_Avaliações!$L:$S,0,MATCH(P$1,Diário_Avaliações!$L$1:$S$1,0))),0)+IFERROR(INDEX(Histórico_Manual!$G:$K,MATCH($A7,Histórico_Manual!$A:$A,0),MATCH(P$1,Histórico_Manual!$G$1:$K$1,0)),0)) | Q7: =SUMIF(Diário_Avaliações!$B:$B,$A7,Diário_Avaliações!$H:$H)+IFERROR(INDEX(Histórico_Manual!$E:$E,MATCH($A7,Histórico_Manual!$A:$A,0)),0) | R7: =SUMIF(Diário_Avaliações!$B:$B,$A7,Diário_Avaliações!$I:$I)+IFERROR(INDEX(Histórico_Manual!$F:$F,MATCH($A7,Histórico_Manual!$A:$A,0)),0) | S7: =IF($C7=0,"—",IF(SUMIF(Diário_Avaliações!$B:$B,$A7,Diário_Avaliações!$D:$D)=0,"Manual",IF(ISNUMBER(MATCH($A7,Histórico_Manual!$A:$A,0)),"Diário + manual","Diário"))) | T7: =IF($C7=0,"",$C7-SUM($I7:$P7)) | U7: 7 | V7: =MAX(0,DATE(2026,7,31)-MAX(TODAY(),DATE(2026,7,1))+1)
A8: Agosto | B8: 50 | C8: =SUMIF(Diário_Avaliações!$B:$B,$A8,Diário_Avaliações!$D:$D)+IFERROR(INDEX(Histórico_Manual!$B:$B,MATCH($A8,Histórico_Manual!$A:$A,0)),0) | D8: =IF($B8=0,"",$C8/$B8) | E8: =$C8-$B8 | F8: =IF($C8>=$B8,0,IF($V8=0,"",ROUND(($B8-$C8)/$V8,1))) | G8: =SUMIF(Diário_Avaliações!$B:$B,$A8,Diário_Avaliações!$K:$K)+IFERROR(INDEX(Histórico_Manual!$C:$C,MATCH($A8,Histórico_Manual!$A:$A,0)),0) | H8: =SUMIF(Diário_Avaliações!$B:$B,$A8,Diário_Avaliações!$J:$J)+IFERROR(INDEX(Histórico_Manual!$D:$D,MATCH($A8,Histórico_Manual!$A:$A,0)),0) | I8: =IF(OR(I$1="",I$1="(livre)"),"",IFERROR(SUMIF(Diário_Avaliações!$B:$B,$A8,INDEX(Diário_Avaliações!$L:$S,0,MATCH(I$1,Diário_Avaliações!$L$1:$S$1,0))),0)+IFERROR(INDEX(Histórico_Manual!$G:$K,MATCH($A8,Histórico_Manual!$A:$A,0),MATCH(I$1,Histórico_Manual!$G$1:$K$1,0)),0)) | J8: =IF(OR(J$1="",J$1="(livre)"),"",IFERROR(SUMIF(Diário_Avaliações!$B:$B,$A8,INDEX(Diário_Avaliações!$L:$S,0,MATCH(J$1,Diário_Avaliações!$L$1:$S$1,0))),0)+IFERROR(INDEX(Histórico_Manual!$G:$K,MATCH($A8,Histórico_Manual!$A:$A,0),MATCH(J$1,Histórico_Manual!$G$1:$K$1,0)),0)) | K8: =IF(OR(K$1="",K$1="(livre)"),"",IFERROR(SUMIF(Diário_Avaliações!$B:$B,$A8,INDEX(Diário_Avaliações!$L:$S,0,MATCH(K$1,Diário_Avaliações!$L$1:$S$1,0))),0)+IFERROR(INDEX(Histórico_Manual!$G:$K,MATCH($A8,Histórico_Manual!$A:$A,0),MATCH(K$1,Histórico_Manual!$G$1:$K$1,0)),0)) | L8: =IF(OR(L$1="",L$1="(livre)"),"",IFERROR(SUMIF(Diário_Avaliações!$B:$B,$A8,INDEX(Diário_Avaliações!$L:$S,0,MATCH(L$1,Diário_Avaliações!$L$1:$S$1,0))),0)+IFERROR(INDEX(Histórico_Manual!$G:$K,MATCH($A8,Histórico_Manual!$A:$A,0),MATCH(L$1,Histórico_Manual!$G$1:$K$1,0)),0)) | M8: =IF(OR(M$1="",M$1="(livre)"),"",IFERROR(SUMIF(Diário_Avaliações!$B:$B,$A8,INDEX(Diário_Avaliações!$L:$S,0,MATCH(M$1,Diário_Avaliações!$L$1:$S$1,0))),0)+IFERROR(INDEX(Histórico_Manual!$G:$K,MATCH($A8,Histórico_Manual!$A:$A,0),MATCH(M$1,Histórico_Manual!$G$1:$K$1,0)),0)) | N8: =IF(OR(N$1="",N$1="(livre)"),"",IFERROR(SUMIF(Diário_Avaliações!$B:$B,$A8,INDEX(Diário_Avaliações!$L:$S,0,MATCH(N$1,Diário_Avaliações!$L$1:$S$1,0))),0)+IFERROR(INDEX(Histórico_Manual!$G:$K,MATCH($A8,Histórico_Manual!$A:$A,0),MATCH(N$1,Histórico_Manual!$G$1:$K$1,0)),0)) | O8: =IF(OR(O$1="",O$1="(livre)"),"",IFERROR(SUMIF(Diário_Avaliações!$B:$B,$A8,INDEX(Diário_Avaliações!$L:$S,0,MATCH(O$1,Diário_Avaliações!$L$1:$S$1,0))),0)+IFERROR(INDEX(Histórico_Manual!$G:$K,MATCH($A8,Histórico_Manual!$A:$A,0),MATCH(O$1,Histórico_Manual!$G$1:$K$1,0)),0)) | P8: =IF(OR(P$1="",P$1="(livre)"),"",IFERROR(SUMIF(Diário_Avaliações!$B:$B,$A8,INDEX(Diário_Avaliações!$L:$S,0,MATCH(P$1,Diário_Avaliações!$L$1:$S$1,0))),0)+IFERROR(INDEX(Histórico_Manual!$G:$K,MATCH($A8,Histórico_Manual!$A:$A,0),MATCH(P$1,Histórico_Manual!$G$1:$K$1,0)),0)) | Q8: =SUMIF(Diário_Avaliações!$B:$B,$A8,Diário_Avaliações!$H:$H)+IFERROR(INDEX(Histórico_Manual!$E:$E,MATCH($A8,Histórico_Manual!$A:$A,0)),0) | R8: =SUMIF(Diário_Avaliações!$B:$B,$A8,Diário_Avaliações!$I:$I)+IFERROR(INDEX(Histórico_Manual!$F:$F,MATCH($A8,Histórico_Manual!$A:$A,0)),0) | S8: =IF($C8=0,"—",IF(SUMIF(Diário_Avaliações!$B:$B,$A8,Diário_Avaliações!$D:$D)=0,"Manual",IF(ISNUMBER(MATCH($A8,Histórico_Manual!$A:$A,0)),"Diário + manual","Diário"))) | T8: =IF($C8=0,"",$C8-SUM($I8:$P8)) | U8: 8 | V8: =MAX(0,DATE(2026,8,31)-MAX(TODAY(),DATE(2026,8,1))+1)
A9: Setembro | B9: 50 | C9: =SUMIF(Diário_Avaliações!$B:$B,$A9,Diário_Avaliações!$D:$D)+IFERROR(INDEX(Histórico_Manual!$B:$B,MATCH($A9,Histórico_Manual!$A:$A,0)),0) | D9: =IF($B9=0,"",$C9/$B9) | E9: =$C9-$B9 | F9: =IF($C9>=$B9,0,IF($V9=0,"",ROUND(($B9-$C9)/$V9,1))) | G9: =SUMIF(Diário_Avaliações!$B:$B,$A9,Diário_Avaliações!$K:$K)+IFERROR(INDEX(Histórico_Manual!$C:$C,MATCH($A9,Histórico_Manual!$A:$A,0)),0) | H9: =SUMIF(Diário_Avaliações!$B:$B,$A9,Diário_Avaliações!$J:$J)+IFERROR(INDEX(Histórico_Manual!$D:$D,MATCH($A9,Histórico_Manual!$A:$A,0)),0) | I9: =IF(OR(I$1="",I$1="(livre)"),"",IFERROR(SUMIF(Diário_Avaliações!$B:$B,$A9,INDEX(Diário_Avaliações!$L:$S,0,MATCH(I$1,Diário_Avaliações!$L$1:$S$1,0))),0)+IFERROR(INDEX(Histórico_Manual!$G:$K,MATCH($A9,Histórico_Manual!$A:$A,0),MATCH(I$1,Histórico_Manual!$G$1:$K$1,0)),0)) | J9: =IF(OR(J$1="",J$1="(livre)"),"",IFERROR(SUMIF(Diário_Avaliações!$B:$B,$A9,INDEX(Diário_Avaliações!$L:$S,0,MATCH(J$1,Diário_Avaliações!$L$1:$S$1,0))),0)+IFERROR(INDEX(Histórico_Manual!$G:$K,MATCH($A9,Histórico_Manual!$A:$A,0),MATCH(J$1,Histórico_Manual!$G$1:$K$1,0)),0)) | K9: =IF(OR(K$1="",K$1="(livre)"),"",IFERROR(SUMIF(Diário_Avaliações!$B:$B,$A9,INDEX(Diário_Avaliações!$L:$S,0,MATCH(K$1,Diário_Avaliações!$L$1:$S$1,0))),0)+IFERROR(INDEX(Histórico_Manual!$G:$K,MATCH($A9,Histórico_Manual!$A:$A,0),MATCH(K$1,Histórico_Manual!$G$1:$K$1,0)),0)) | L9: =IF(OR(L$1="",L$1="(livre)"),"",IFERROR(SUMIF(Diário_Avaliações!$B:$B,$A9,INDEX(Diário_Avaliações!$L:$S,0,MATCH(L$1,Diário_Avaliações!$L$1:$S$1,0))),0)+IFERROR(INDEX(Histórico_Manual!$G:$K,MATCH($A9,Histórico_Manual!$A:$A,0),MATCH(L$1,Histórico_Manual!$G$1:$K$1,0)),0)) | M9: =IF(OR(M$1="",M$1="(livre)"),"",IFERROR(SUMIF(Diário_Avaliações!$B:$B,$A9,INDEX(Diário_Avaliações!$L:$S,0,MATCH(M$1,Diário_Avaliações!$L$1:$S$1,0))),0)+IFERROR(INDEX(Histórico_Manual!$G:$K,MATCH($A9,Histórico_Manual!$A:$A,0),MATCH(M$1,Histórico_Manual!$G$1:$K$1,0)),0)) | N9: =IF(OR(N$1="",N$1="(livre)"),"",IFERROR(SUMIF(Diário_Avaliações!$B:$B,$A9,INDEX(Diário_Avaliações!$L:$S,0,MATCH(N$1,Diário_Avaliações!$L$1:$S$1,0))),0)+IFERROR(INDEX(Histórico_Manual!$G:$K,MATCH($A9,Histórico_Manual!$A:$A,0),MATCH(N$1,Histórico_Manual!$G$1:$K$1,0)),0)) | O9: =IF(OR(O$1="",O$1="(livre)"),"",IFERROR(SUMIF(Diário_Avaliações!$B:$B,$A9,INDEX(Diário_Avaliações!$L:$S,0,MATCH(O$1,Diário_Avaliações!$L$1:$S$1,0))),0)+IFERROR(INDEX(Histórico_Manual!$G:$K,MATCH($A9,Histórico_Manual!$A:$A,0),MATCH(O$1,Histórico_Manual!$G$1:$K$1,0)),0)) | P9: =IF(OR(P$1="",P$1="(livre)"),"",IFERROR(SUMIF(Diário_Avaliações!$B:$B,$A9,INDEX(Diário_Avaliações!$L:$S,0,MATCH(P$1,Diário_Avaliações!$L$1:$S$1,0))),0)+IFERROR(INDEX(Histórico_Manual!$G:$K,MATCH($A9,Histórico_Manual!$A:$A,0),MATCH(P$1,Histórico_Manual!$G$1:$K$1,0)),0)) | Q9: =SUMIF(Diário_Avaliações!$B:$B,$A9,Diário_Avaliações!$H:$H)+IFERROR(INDEX(Histórico_Manual!$E:$E,MATCH($A9,Histórico_Manual!$A:$A,0)),0) | R9: =SUMIF(Diário_Avaliações!$B:$B,$A9,Diário_Avaliações!$I:$I)+IFERROR(INDEX(Histórico_Manual!$F:$F,MATCH($A9,Histórico_Manual!$A:$A,0)),0) | S9: =IF($C9=0,"—",IF(SUMIF(Diário_Avaliações!$B:$B,$A9,Diário_Avaliações!$D:$D)=0,"Manual",IF(ISNUMBER(MATCH($A9,Histórico_Manual!$A:$A,0)),"Diário + manual","Diário"))) | T9: =IF($C9=0,"",$C9-SUM($I9:$P9)) | U9: 9 | V9: =MAX(0,DATE(2026,9,30)-MAX(TODAY(),DATE(2026,9,1))+1)
A10: Outubro | B10: 50 | C10: =SUMIF(Diário_Avaliações!$B:$B,$A10,Diário_Avaliações!$D:$D)+IFERROR(INDEX(Histórico_Manual!$B:$B,MATCH($A10,Histórico_Manual!$A:$A,0)),0) | D10: =IF($B10=0,"",$C10/$B10) | E10: =$C10-$B10 | F10: =IF($C10>=$B10,0,IF($V10=0,"",ROUND(($B10-$C10)/$V10,1))) | G10: =SUMIF(Diário_Avaliações!$B:$B,$A10,Diário_Avaliações!$K:$K)+IFERROR(INDEX(Histórico_Manual!$C:$C,MATCH($A10,Histórico_Manual!$A:$A,0)),0) | H10: =SUMIF(Diário_Avaliações!$B:$B,$A10,Diário_Avaliações!$J:$J)+IFERROR(INDEX(Histórico_Manual!$D:$D,MATCH($A10,Histórico_Manual!$A:$A,0)),0) | I10: =IF(OR(I$1="",I$1="(livre)"),"",IFERROR(SUMIF(Diário_Avaliações!$B:$B,$A10,INDEX(Diário_Avaliações!$L:$S,0,MATCH(I$1,Diário_Avaliações!$L$1:$S$1,0))),0)+IFERROR(INDEX(Histórico_Manual!$G:$K,MATCH($A10,Histórico_Manual!$A:$A,0),MATCH(I$1,Histórico_Manual!$G$1:$K$1,0)),0)) | J10: =IF(OR(J$1="",J$1="(livre)"),"",IFERROR(SUMIF(Diário_Avaliações!$B:$B,$A10,INDEX(Diário_Avaliações!$L:$S,0,MATCH(J$1,Diário_Avaliações!$L$1:$S$1,0))),0)+IFERROR(INDEX(Histórico_Manual!$G:$K,MATCH($A10,Histórico_Manual!$A:$A,0),MATCH(J$1,Histórico_Manual!$G$1:$K$1,0)),0)) | K10: =IF(OR(K$1="",K$1="(livre)"),"",IFERROR(SUMIF(Diário_Avaliações!$B:$B,$A10,INDEX(Diário_Avaliações!$L:$S,0,MATCH(K$1,Diário_Avaliações!$L$1:$S$1,0))),0)+IFERROR(INDEX(Histórico_Manual!$G:$K,MATCH($A10,Histórico_Manual!$A:$A,0),MATCH(K$1,Histórico_Manual!$G$1:$K$1,0)),0)) | L10: =IF(OR(L$1="",L$1="(livre)"),"",IFERROR(SUMIF(Diário_Avaliações!$B:$B,$A10,INDEX(Diário_Avaliações!$L:$S,0,MATCH(L$1,Diário_Avaliações!$L$1:$S$1,0))),0)+IFERROR(INDEX(Histórico_Manual!$G:$K,MATCH($A10,Histórico_Manual!$A:$A,0),MATCH(L$1,Histórico_Manual!$G$1:$K$1,0)),0)) | M10: =IF(OR(M$1="",M$1="(livre)"),"",IFERROR(SUMIF(Diário_Avaliações!$B:$B,$A10,INDEX(Diário_Avaliações!$L:$S,0,MATCH(M$1,Diário_Avaliações!$L$1:$S$1,0))),0)+IFERROR(INDEX(Histórico_Manual!$G:$K,MATCH($A10,Histórico_Manual!$A:$A,0),MATCH(M$1,Histórico_Manual!$G$1:$K$1,0)),0)) | N10: =IF(OR(N$1="",N$1="(livre)"),"",IFERROR(SUMIF(Diário_Avaliações!$B:$B,$A10,INDEX(Diário_Avaliações!$L:$S,0,MATCH(N$1,Diário_Avaliações!$L$1:$S$1,0))),0)+IFERROR(INDEX(Histórico_Manual!$G:$K,MATCH($A10,Histórico_Manual!$A:$A,0),MATCH(N$1,Histórico_Manual!$G$1:$K$1,0)),0)) | O10: =IF(OR(O$1="",O$1="(livre)"),"",IFERROR(SUMIF(Diário_Avaliações!$B:$B,$A10,INDEX(Diário_Avaliações!$L:$S,0,MATCH(O$1,Diário_Avaliações!$L$1:$S$1,0))),0)+IFERROR(INDEX(Histórico_Manual!$G:$K,MATCH($A10,Histórico_Manual!$A:$A,0),MATCH(O$1,Histórico_Manual!$G$1:$K$1,0)),0)) | P10: =IF(OR(P$1="",P$1="(livre)"),"",IFERROR(SUMIF(Diário_Avaliações!$B:$B,$A10,INDEX(Diário_Avaliações!$L:$S,0,MATCH(P$1,Diário_Avaliações!$L$1:$S$1,0))),0)+IFERROR(INDEX(Histórico_Manual!$G:$K,MATCH($A10,Histórico_Manual!$A:$A,0),MATCH(P$1,Histórico_Manual!$G$1:$K$1,0)),0)) | Q10: =SUMIF(Diário_Avaliações!$B:$B,$A10,Diário_Avaliações!$H:$H)+IFERROR(INDEX(Histórico_Manual!$E:$E,MATCH($A10,Histórico_Manual!$A:$A,0)),0) | R10: =SUMIF(Diário_Avaliações!$B:$B,$A10,Diário_Avaliações!$I:$I)+IFERROR(INDEX(Histórico_Manual!$F:$F,MATCH($A10,Histórico_Manual!$A:$A,0)),0) | S10: =IF($C10=0,"—",IF(SUMIF(Diário_Avaliações!$B:$B,$A10,Diário_Avaliações!$D:$D)=0,"Manual",IF(ISNUMBER(MATCH($A10,Histórico_Manual!$A:$A,0)),"Diário + manual","Diário"))) | T10: =IF($C10=0,"",$C10-SUM($I10:$P10)) | U10: 10 | V10: =MAX(0,DATE(2026,10,31)-MAX(TODAY(),DATE(2026,10,1))+1)
A11: Novembro | B11: 50 | C11: =SUMIF(Diário_Avaliações!$B:$B,$A11,Diário_Avaliações!$D:$D)+IFERROR(INDEX(Histórico_Manual!$B:$B,MATCH($A11,Histórico_Manual!$A:$A,0)),0) | D11: =IF($B11=0,"",$C11/$B11) | E11: =$C11-$B11 | F11: =IF($C11>=$B11,0,IF($V11=0,"",ROUND(($B11-$C11)/$V11,1))) | G11: =SUMIF(Diário_Avaliações!$B:$B,$A11,Diário_Avaliações!$K:$K)+IFERROR(INDEX(Histórico_Manual!$C:$C,MATCH($A11,Histórico_Manual!$A:$A,0)),0) | H11: =SUMIF(Diário_Avaliações!$B:$B,$A11,Diário_Avaliações!$J:$J)+IFERROR(INDEX(Histórico_Manual!$D:$D,MATCH($A11,Histórico_Manual!$A:$A,0)),0) | I11: =IF(OR(I$1="",I$1="(livre)"),"",IFERROR(SUMIF(Diário_Avaliações!$B:$B,$A11,INDEX(Diário_Avaliações!$L:$S,0,MATCH(I$1,Diário_Avaliações!$L$1:$S$1,0))),0)+IFERROR(INDEX(Histórico_Manual!$G:$K,MATCH($A11,Histórico_Manual!$A:$A,0),MATCH(I$1,Histórico_Manual!$G$1:$K$1,0)),0)) | J11: =IF(OR(J$1="",J$1="(livre)"),"",IFERROR(SUMIF(Diário_Avaliações!$B:$B,$A11,INDEX(Diário_Avaliações!$L:$S,0,MATCH(J$1,Diário_Avaliações!$L$1:$S$1,0))),0)+IFERROR(INDEX(Histórico_Manual!$G:$K,MATCH($A11,Histórico_Manual!$A:$A,0),MATCH(J$1,Histórico_Manual!$G$1:$K$1,0)),0)) | K11: =IF(OR(K$1="",K$1="(livre)"),"",IFERROR(SUMIF(Diário_Avaliações!$B:$B,$A11,INDEX(Diário_Avaliações!$L:$S,0,MATCH(K$1,Diário_Avaliações!$L$1:$S$1,0))),0)+IFERROR(INDEX(Histórico_Manual!$G:$K,MATCH($A11,Histórico_Manual!$A:$A,0),MATCH(K$1,Histórico_Manual!$G$1:$K$1,0)),0)) | L11: =IF(OR(L$1="",L$1="(livre)"),"",IFERROR(SUMIF(Diário_Avaliações!$B:$B,$A11,INDEX(Diário_Avaliações!$L:$S,0,MATCH(L$1,Diário_Avaliações!$L$1:$S$1,0))),0)+IFERROR(INDEX(Histórico_Manual!$G:$K,MATCH($A11,Histórico_Manual!$A:$A,0),MATCH(L$1,Histórico_Manual!$G$1:$K$1,0)),0)) | M11: =IF(OR(M$1="",M$1="(livre)"),"",IFERROR(SUMIF(Diário_Avaliações!$B:$B,$A11,INDEX(Diário_Avaliações!$L:$S,0,MATCH(M$1,Diário_Avaliações!$L$1:$S$1,0))),0)+IFERROR(INDEX(Histórico_Manual!$G:$K,MATCH($A11,Histórico_Manual!$A:$A,0),MATCH(M$1,Histórico_Manual!$G$1:$K$1,0)),0)) | N11: =IF(OR(N$1="",N$1="(livre)"),"",IFERROR(SUMIF(Diário_Avaliações!$B:$B,$A11,INDEX(Diário_Avaliações!$L:$S,0,MATCH(N$1,Diário_Avaliações!$L$1:$S$1,0))),0)+IFERROR(INDEX(Histórico_Manual!$G:$K,MATCH($A11,Histórico_Manual!$A:$A,0),MATCH(N$1,Histórico_Manual!$G$1:$K$1,0)),0)) | O11: =IF(OR(O$1="",O$1="(livre)"),"",IFERROR(SUMIF(Diário_Avaliações!$B:$B,$A11,INDEX(Diário_Avaliações!$L:$S,0,MATCH(O$1,Diário_Avaliações!$L$1:$S$1,0))),0)+IFERROR(INDEX(Histórico_Manual!$G:$K,MATCH($A11,Histórico_Manual!$A:$A,0),MATCH(O$1,Histórico_Manual!$G$1:$K$1,0)),0)) | P11: =IF(OR(P$1="",P$1="(livre)"),"",IFERROR(SUMIF(Diário_Avaliações!$B:$B,$A11,INDEX(Diário_Avaliações!$L:$S,0,MATCH(P$1,Diário_Avaliações!$L$1:$S$1,0))),0)+IFERROR(INDEX(Histórico_Manual!$G:$K,MATCH($A11,Histórico_Manual!$A:$A,0),MATCH(P$1,Histórico_Manual!$G$1:$K$1,0)),0)) | Q11: =SUMIF(Diário_Avaliações!$B:$B,$A11,Diário_Avaliações!$H:$H)+IFERROR(INDEX(Histórico_Manual!$E:$E,MATCH($A11,Histórico_Manual!$A:$A,0)),0) | R11: =SUMIF(Diário_Avaliações!$B:$B,$A11,Diário_Avaliações!$I:$I)+IFERROR(INDEX(Histórico_Manual!$F:$F,MATCH($A11,Histórico_Manual!$A:$A,0)),0) | S11: =IF($C11=0,"—",IF(SUMIF(Diário_Avaliações!$B:$B,$A11,Diário_Avaliações!$D:$D)=0,"Manual",IF(ISNUMBER(MATCH($A11,Histórico_Manual!$A:$A,0)),"Diário + manual","Diário"))) | T11: =IF($C11=0,"",$C11-SUM($I11:$P11)) | U11: 11 | V11: =MAX(0,DATE(2026,11,30)-MAX(TODAY(),DATE(2026,11,1))+1)
A12: Dezembro | B12: 50 | C12: =SUMIF(Diário_Avaliações!$B:$B,$A12,Diário_Avaliações!$D:$D)+IFERROR(INDEX(Histórico_Manual!$B:$B,MATCH($A12,Histórico_Manual!$A:$A,0)),0) | D12: =IF($B12=0,"",$C12/$B12) | E12: =$C12-$B12 | F12: =IF($C12>=$B12,0,IF($V12=0,"",ROUND(($B12-$C12)/$V12,1))) | G12: =SUMIF(Diário_Avaliações!$B:$B,$A12,Diário_Avaliações!$K:$K)+IFERROR(INDEX(Histórico_Manual!$C:$C,MATCH($A12,Histórico_Manual!$A:$A,0)),0) | H12: =SUMIF(Diário_Avaliações!$B:$B,$A12,Diário_Avaliações!$J:$J)+IFERROR(INDEX(Histórico_Manual!$D:$D,MATCH($A12,Histórico_Manual!$A:$A,0)),0) | I12: =IF(OR(I$1="",I$1="(livre)"),"",IFERROR(SUMIF(Diário_Avaliações!$B:$B,$A12,INDEX(Diário_Avaliações!$L:$S,0,MATCH(I$1,Diário_Avaliações!$L$1:$S$1,0))),0)+IFERROR(INDEX(Histórico_Manual!$G:$K,MATCH($A12,Histórico_Manual!$A:$A,0),MATCH(I$1,Histórico_Manual!$G$1:$K$1,0)),0)) | J12: =IF(OR(J$1="",J$1="(livre)"),"",IFERROR(SUMIF(Diário_Avaliações!$B:$B,$A12,INDEX(Diário_Avaliações!$L:$S,0,MATCH(J$1,Diário_Avaliações!$L$1:$S$1,0))),0)+IFERROR(INDEX(Histórico_Manual!$G:$K,MATCH($A12,Histórico_Manual!$A:$A,0),MATCH(J$1,Histórico_Manual!$G$1:$K$1,0)),0)) | K12: =IF(OR(K$1="",K$1="(livre)"),"",IFERROR(SUMIF(Diário_Avaliações!$B:$B,$A12,INDEX(Diário_Avaliações!$L:$S,0,MATCH(K$1,Diário_Avaliações!$L$1:$S$1,0))),0)+IFERROR(INDEX(Histórico_Manual!$G:$K,MATCH($A12,Histórico_Manual!$A:$A,0),MATCH(K$1,Histórico_Manual!$G$1:$K$1,0)),0)) | L12: =IF(OR(L$1="",L$1="(livre)"),"",IFERROR(SUMIF(Diário_Avaliações!$B:$B,$A12,INDEX(Diário_Avaliações!$L:$S,0,MATCH(L$1,Diário_Avaliações!$L$1:$S$1,0))),0)+IFERROR(INDEX(Histórico_Manual!$G:$K,MATCH($A12,Histórico_Manual!$A:$A,0),MATCH(L$1,Histórico_Manual!$G$1:$K$1,0)),0)) | M12: =IF(OR(M$1="",M$1="(livre)"),"",IFERROR(SUMIF(Diário_Avaliações!$B:$B,$A12,INDEX(Diário_Avaliações!$L:$S,0,MATCH(M$1,Diário_Avaliações!$L$1:$S$1,0))),0)+IFERROR(INDEX(Histórico_Manual!$G:$K,MATCH($A12,Histórico_Manual!$A:$A,0),MATCH(M$1,Histórico_Manual!$G$1:$K$1,0)),0)) | N12: =IF(OR(N$1="",N$1="(livre)"),"",IFERROR(SUMIF(Diário_Avaliações!$B:$B,$A12,INDEX(Diário_Avaliações!$L:$S,0,MATCH(N$1,Diário_Avaliações!$L$1:$S$1,0))),0)+IFERROR(INDEX(Histórico_Manual!$G:$K,MATCH($A12,Histórico_Manual!$A:$A,0),MATCH(N$1,Histórico_Manual!$G$1:$K$1,0)),0)) | O12: =IF(OR(O$1="",O$1="(livre)"),"",IFERROR(SUMIF(Diário_Avaliações!$B:$B,$A12,INDEX(Diário_Avaliações!$L:$S,0,MATCH(O$1,Diário_Avaliações!$L$1:$S$1,0))),0)+IFERROR(INDEX(Histórico_Manual!$G:$K,MATCH($A12,Histórico_Manual!$A:$A,0),MATCH(O$1,Histórico_Manual!$G$1:$K$1,0)),0)) | P12: =IF(OR(P$1="",P$1="(livre)"),"",IFERROR(SUMIF(Diário_Avaliações!$B:$B,$A12,INDEX(Diário_Avaliações!$L:$S,0,MATCH(P$1,Diário_Avaliações!$L$1:$S$1,0))),0)+IFERROR(INDEX(Histórico_Manual!$G:$K,MATCH($A12,Histórico_Manual!$A:$A,0),MATCH(P$1,Histórico_Manual!$G$1:$K$1,0)),0)) | Q12: =SUMIF(Diário_Avaliações!$B:$B,$A12,Diário_Avaliações!$H:$H)+IFERROR(INDEX(Histórico_Manual!$E:$E,MATCH($A12,Histórico_Manual!$A:$A,0)),0) | R12: =SUMIF(Diário_Avaliações!$B:$B,$A12,Diário_Avaliações!$I:$I)+IFERROR(INDEX(Histórico_Manual!$F:$F,MATCH($A12,Histórico_Manual!$A:$A,0)),0) | S12: =IF($C12=0,"—",IF(SUMIF(Diário_Avaliações!$B:$B,$A12,Diário_Avaliações!$D:$D)=0,"Manual",IF(ISNUMBER(MATCH($A12,Histórico_Manual!$A:$A,0)),"Diário + manual","Diário"))) | T12: =IF($C12=0,"",$C12-SUM($I12:$P12)) | U12: 12 | V12: =MAX(0,DATE(2026,12,31)-MAX(TODAY(),DATE(2026,12,1))+1)
A13: TOTAL | B13: =SUM(B2:B12) | C13: =SUM(C2:C12) | D13: =IF($B13=0,"",$C13/$B13) | E13: =SUM(E2:E12) | G13: =SUM(G2:G12) | H13: =SUM(H2:H12) | I13: =SUM(I2:I12) | J13: =SUM(J2:J12) | K13: =SUM(K2:K12) | L13: =SUM(L2:L12) | M13: =SUM(M2:M12) | N13: =SUM(N2:N12) | ... R13: =SUM(R2:R12) | T13: =SUM(T2:T12)
A15: Até o mês atual | B15: =SUMIFS($B$2:$B$12,$U$2:$U$12,"<="&MONTH(TODAY())) | C15: =SUMIFS($C$2:$C$12,$U$2:$U$12,"<="&MONTH(TODAY())) | D15: =IF($B$15=0,"",$C$15/$B$15)
A16: Professor novo: escreva o nome SÓ no cabeçalho de uma coluna amarela do Diário_Avaliações. O nome aparece sozinho aqui, na aba Comissões e no Painel.

Sheet Comissões
A1: COMISSÃO DE AVALIAÇÕES — paga no mês seguinte
A2: Valor por avaliação (R$) | B2: 10
A3: Mês de referência | B3: Mês de pagamento | C3: =Diário_Avaliações!L$1 | D3: =Diário_Avaliações!M$1 | E3: =Diário_Avaliações!N$1 | F3: =Diário_Avaliações!O$1 | G3: =Diário_Avaliações!P$1 | H3: =Diário_Avaliações!Q$1 | I3: =Diário_Avaliações!R$1 | J3: =Diário_Avaliações!S$1 | K3: Total do mês
A4: Fevereiro | B4: Março | C4: =IF(OR(C$3="",C$3="(livre)"),"",Consolidado_Mensal!I2*$B$2) | D4: =IF(OR(D$3="",D$3="(livre)"),"",Consolidado_Mensal!J2*$B$2) | E4: =IF(OR(E$3="",E$3="(livre)"),"",Consolidado_Mensal!K2*$B$2) | F4: =IF(OR(F$3="",F$3="(livre)"),"",Consolidado_Mensal!L2*$B$2) | G4: =IF(OR(G$3="",G$3="(livre)"),"",Consolidado_Mensal!M2*$B$2) | H4: =IF(OR(H$3="",H$3="(livre)"),"",Consolidado_Mensal!N2*$B$2) | I4: =IF(OR(I$3="",I$3="(livre)"),"",Consolidado_Mensal!O2*$B$2) | J4: =IF(OR(J$3="",J$3="(livre)"),"",Consolidado_Mensal!P2*$B$2) | K4: =SUM(C4:J4)
A5: Março | B5: Abril | C5: =IF(OR(C$3="",C$3="(livre)"),"",Consolidado_Mensal!I3*$B$2) | D5: =IF(OR(D$3="",D$3="(livre)"),"",Consolidado_Mensal!J3*$B$2) | E5: =IF(OR(E$3="",E$3="(livre)"),"",Consolidado_Mensal!K3*$B$2) | F5: =IF(OR(F$3="",F$3="(livre)"),"",Consolidado_Mensal!L3*$B$2) | G5: =IF(OR(G$3="",G$3="(livre)"),"",Consolidado_Mensal!M3*$B$2) | H5: =IF(OR(H$3="",H$3="(livre)"),"",Consolidado_Mensal!N3*$B$2) | I5: =IF(OR(I$3="",I$3="(livre)"),"",Consolidado_Mensal!O3*$B$2) | J5: =IF(OR(J$3="",J$3="(livre)"),"",Consolidado_Mensal!P3*$B$2) | K5: =SUM(C5:J5)
A6: Abril | B6: Maio | C6: =IF(OR(C$3="",C$3="(livre)"),"",Consolidado_Mensal!I4*$B$2) | D6: =IF(OR(D$3="",D$3="(livre)"),"",Consolidado_Mensal!J4*$B$2) | E6: =IF(OR(E$3="",E$3="(livre)"),"",Consolidado_Mensal!K4*$B$2) | F6: =IF(OR(F$3="",F$3="(livre)"),"",Consolidado_Mensal!L4*$B$2) | G6: =IF(OR(G$3="",G$3="(livre)"),"",Consolidado_Mensal!M4*$B$2) | H6: =IF(OR(H$3="",H$3="(livre)"),"",Consolidado_Mensal!N4*$B$2) | I6: =IF(OR(I$3="",I$3="(livre)"),"",Consolidado_Mensal!O4*$B$2) | J6: =IF(OR(J$3="",J$3="(livre)"),"",Consolidado_Mensal!P4*$B$2) | K6: =SUM(C6:J6)
A7: Maio | B7: Junho | C7: =IF(OR(C$3="",C$3="(livre)"),"",Consolidado_Mensal!I5*$B$2) | D7: =IF(OR(D$3="",D$3="(livre)"),"",Consolidado_Mensal!J5*$B$2) | E7: =IF(OR(E$3="",E$3="(livre)"),"",Consolidado_Mensal!K5*$B$2) | F7: =IF(OR(F$3="",F$3="(livre)"),"",Consolidado_Mensal!L5*$B$2) | G7: =IF(OR(G$3="",G$3="(livre)"),"",Consolidado_Mensal!M5*$B$2) | H7: =IF(OR(H$3="",H$3="(livre)"),"",Consolidado_Mensal!N5*$B$2) | I7: =IF(OR(I$3="",I$3="(livre)"),"",Consolidado_Mensal!O5*$B$2) | J7: =IF(OR(J$3="",J$3="(livre)"),"",Consolidado_Mensal!P5*$B$2) | K7: =SUM(C7:J7)
A8: Junho | B8: Julho | C8: =IF(OR(C$3="",C$3="(livre)"),"",Consolidado_Mensal!I6*$B$2) | D8: =IF(OR(D$3="",D$3="(livre)"),"",Consolidado_Mensal!J6*$B$2) | E8: =IF(OR(E$3="",E$3="(livre)"),"",Consolidado_Mensal!K6*$B$2) | F8: =IF(OR(F$3="",F$3="(livre)"),"",Consolidado_Mensal!L6*$B$2) | G8: =IF(OR(G$3="",G$3="(livre)"),"",Consolidado_Mensal!M6*$B$2) | H8: =IF(OR(H$3="",H$3="(livre)"),"",Consolidado_Mensal!N6*$B$2) | I8: =IF(OR(I$3="",I$3="(livre)"),"",Consolidado_Mensal!O6*$B$2) | J8: =IF(OR(J$3="",J$3="(livre)"),"",Consolidado_Mensal!P6*$B$2) | K8: =SUM(C8:J8)
A9: Julho | B9: Agosto | C9: =IF(OR(C$3="",C$3="(livre)"),"",Consolidado_Mensal!I7*$B$2) | D9: =IF(OR(D$3="",D$3="(livre)"),"",Consolidado_Mensal!J7*$B$2) | E9: =IF(OR(E$3="",E$3="(livre)"),"",Consolidado_Mensal!K7*$B$2) | F9: =IF(OR(F$3="",F$3="(livre)"),"",Consolidado_Mensal!L7*$B$2) | G9: =IF(OR(G$3="",G$3="(livre)"),"",Consolidado_Mensal!M7*$B$2) | H9: =IF(OR(H$3="",H$3="(livre)"),"",Consolidado_Mensal!N7*$B$2) | I9: =IF(OR(I$3="",I$3="(livre)"),"",Consolidado_Mensal!O7*$B$2) | J9: =IF(OR(J$3="",J$3="(livre)"),"",Consolidado_Mensal!P7*$B$2) | K9: =SUM(C9:J9)
A10: Agosto | B10: Setembro | C10: =IF(OR(C$3="",C$3="(livre)"),"",Consolidado_Mensal!I8*$B$2) | D10: =IF(OR(D$3="",D$3="(livre)"),"",Consolidado_Mensal!J8*$B$2) | E10: =IF(OR(E$3="",E$3="(livre)"),"",Consolidado_Mensal!K8*$B$2) | F10: =IF(OR(F$3="",F$3="(livre)"),"",Consolidado_Mensal!L8*$B$2) | G10: =IF(OR(G$3="",G$3="(livre)"),"",Consolidado_Mensal!M8*$B$2) | H10: =IF(OR(H$3="",H$3="(livre)"),"",Consolidado_Mensal!N8*$B$2) | I10: =IF(OR(I$3="",I$3="(livre)"),"",Consolidado_Mensal!O8*$B$2) | J10: =IF(OR(J$3="",J$3="(livre)"),"",Consolidado_Mensal!P8*$B$2) | K10: =SUM(C10:J10)
A11: Setembro | B11: Outubro | C11: =IF(OR(C$3="",C$3="(livre)"),"",Consolidado_Mensal!I9*$B$2) | D11: =IF(OR(D$3="",D$3="(livre)"),"",Consolidado_Mensal!J9*$B$2) | E11: =IF(OR(E$3="",E$3="(livre)"),"",Consolidado_Mensal!K9*$B$2) | F11: =IF(OR(F$3="",F$3="(livre)"),"",Consolidado_Mensal!L9*$B$2) | G11: =IF(OR(G$3="",G$3="(livre)"),"",Consolidado_Mensal!M9*$B$2) | H11: =IF(OR(H$3="",H$3="(livre)"),"",Consolidado_Mensal!N9*$B$2) | I11: =IF(OR(I$3="",I$3="(livre)"),"",Consolidado_Mensal!O9*$B$2) | J11: =IF(OR(J$3="",J$3="(livre)"),"",Consolidado_Mensal!P9*$B$2) | K11: =SUM(C11:J11)
A12: Outubro | B12: Novembro | C12: =IF(OR(C$3="",C$3="(livre)"),"",Consolidado_Mensal!I10*$B$2) | D12: =IF(OR(D$3="",D$3="(livre)"),"",Consolidado_Mensal!J10*$B$2) | E12: =IF(OR(E$3="",E$3="(livre)"),"",Consolidado_Mensal!K10*$B$2) | F12: =IF(OR(F$3="",F$3="(livre)"),"",Consolidado_Mensal!L10*$B$2) | G12: =IF(OR(G$3="",G$3="(livre)"),"",Consolidado_Mensal!M10*$B$2) | H12: =IF(OR(H$3="",H$3="(livre)"),"",Consolidado_Mensal!N10*$B$2) | I12: =IF(OR(I$3="",I$3="(livre)"),"",Consolidado_Mensal!O10*$B$2) | J12: =IF(OR(J$3="",J$3="(livre)"),"",Consolidado_Mensal!P10*$B$2) | K12: =SUM(C12:J12)
A13: Novembro | B13: Dezembro | C13: =IF(OR(C$3="",C$3="(livre)"),"",Consolidado_Mensal!I11*$B$2) | D13: =IF(OR(D$3="",D$3="(livre)"),"",Consolidado_Mensal!J11*$B$2) | E13: =IF(OR(E$3="",E$3="(livre)"),"",Consolidado_Mensal!K11*$B$2) | F13: =IF(OR(F$3="",F$3="(livre)"),"",Consolidado_Mensal!L11*$B$2) | G13: =IF(OR(G$3="",G$3="(livre)"),"",Consolidado_Mensal!M11*$B$2) | H13: =IF(OR(H$3="",H$3="(livre)"),"",Consolidado_Mensal!N11*$B$2) | I13: =IF(OR(I$3="",I$3="(livre)"),"",Consolidado_Mensal!O11*$B$2) | J13: =IF(OR(J$3="",J$3="(livre)"),"",Consolidado_Mensal!P11*$B$2) | K13: =SUM(C13:J13)
A14: Dezembro | B14: Janeiro/2027 | C14: =IF(OR(C$3="",C$3="(livre)"),"",Consolidado_Mensal!I12*$B$2) | D14: =IF(OR(D$3="",D$3="(livre)"),"",Consolidado_Mensal!J12*$B$2) | E14: =IF(OR(E$3="",E$3="(livre)"),"",Consolidado_Mensal!K12*$B$2) | F14: =IF(OR(F$3="",F$3="(livre)"),"",Consolidado_Mensal!L12*$B$2) | G14: =IF(OR(G$3="",G$3="(livre)"),"",Consolidado_Mensal!M12*$B$2) | H14: =IF(OR(H$3="",H$3="(livre)"),"",Consolidado_Mensal!N12*$B$2) | I14: =IF(OR(I$3="",I$3="(livre)"),"",Consolidado_Mensal!O12*$B$2) | J14: =IF(OR(J$3="",J$3="(livre)"),"",Consolidado_Mensal!P12*$B$2) | K14: =SUM(C14:J14)
A15: TOTAL | C15: =SUM(C4:C14) | D15: =SUM(D4:D14) | E15: =SUM(E4:E14) | F15: =SUM(F4:F14) | G15: =SUM(G4:G14) | H15: =SUM(H4:H14) | I15: =SUM(I4:I14) | J15: =SUM(J4:J14) | K15: =SUM(K4:K14)
A17: O valor por avaliação fica na célula amarela B2 — mude ali e toda a tabela recalcula. Só entram avaliações pagas. Linha de R$ 100 na folha conta como 2 avaliações. Avaliação de promoção não gera comissão.

Sheet Dashboard
B2: PAINEL DE AVALIAÇÕES 2026 — MAIS FIT
N4: Dia da Semana | O4: Total
N5: Segunda-feira | O5: =SUMIF(Diário_Avaliações!$C:$C,N5,Diário_Avaliações!$D:$D)
N6: Terça-feira | O6: =SUMIF(Diário_Avaliações!$C:$C,N6,Diário_Avaliações!$D:$D)
N7: Quarta-feira | O7: =SUMIF(Diário_Avaliações!$C:$C,N7,Diário_Avaliações!$D:$D)
N8: Quinta-feira | O8: =SUMIF(Diário_Avaliações!$C:$C,N8,Diário_Avaliações!$D:$D)
N9: Sexta-feira | O9: =SUMIF(Diário_Avaliações!$C:$C,N9,Diário_Avaliações!$D:$D)
N10: Sábado | O10: =SUMIF(Diário_Avaliações!$C:$C,N10,Diário_Avaliações!$D:$D)
N11: Domingo | O11: =SUMIF(Diário_Avaliações!$C:$C,N11,Diário_Avaliações!$D:$D)
N14: Professor | O14: Ano
N15: =IF(OR(Diário_Avaliações!L$1="",Diário_Avaliações!L$1="(livre)"),"",Diário_Avaliações!L$1) | O15: =IF(N15="","",Consolidado_Mensal!I$13)
N16: =IF(OR(Diário_Avaliações!M$1="",Diário_Avaliações!M$1="(livre)"),"",Diário_Avaliações!M$1) | O16: =IF(N16="","",Consolidado_Mensal!J$13)
N17: =IF(OR(Diário_Avaliações!N$1="",Diário_Avaliações!N$1="(livre)"),"",Diário_Avaliações!N$1) | O17: =IF(N17="","",Consolidado_Mensal!K$13)
N18: =IF(OR(Diário_Avaliações!O$1="",Diário_Avaliações!O$1="(livre)"),"",Diário_Avaliações!O$1) | O18: =IF(N18="","",Consolidado_Mensal!L$13)
N19: =IF(OR(Diário_Avaliações!P$1="",Diário_Avaliações!P$1="(livre)"),"",Diário_Avaliações!P$1) | O19: =IF(N19="","",Consolidado_Mensal!M$13)
N20: =IF(OR(Diário_Avaliações!Q$1="",Diário_Avaliações!Q$1="(livre)"),"",Diário_Avaliações!Q$1) | O20: =IF(N20="","",Consolidado_Mensal!N$13)
N21: =IF(OR(Diário_Avaliações!R$1="",Diário_Avaliações!R$1="(livre)"),"",Diário_Avaliações!R$1) | O21: =IF(N21="","",Consolidado_Mensal!O$13)
N22: =IF(OR(Diário_Avaliações!S$1="",Diário_Avaliações!S$1="(livre)"),"",Diário_Avaliações!S$1) | O22: =IF(N22="","",Consolidado_Mensal!P$13)
N24: Gênero | O24: Ano
N25: Mulheres | O25: =Consolidado_Mensal!G13
N26: Homens | O26: =Consolidado_Mensal!H13

Sheet Como_Preencher
A1: COMO PREENCHER ESTA PLANILHA
A3: 1. Lance tudo na aba Diário_Avaliações, na linha da data. Mês, dia da semana, meta, % e faltas são automáticos (fundo cinza, não digite).
A4: 2. Quantidade Realizada = avaliações PAGAS do dia. Linha de R$ 100 na folha conta como 2 avaliações. Avaliação de promoção não entra aqui.
A5: 3. Preencha também o perfil (já matriculado / novo), o gênero (pelo nome do aluno na folha) e 1 na coluna do professor que atendeu.
A6: 4. A coluna Conferência avisa quando alguma soma não fecha com o total do dia. Se aparecer 'Verificar', corrija antes de mandar o KPI.
A7: 5. Professor novo: escreva o nome no cabeçalho de uma coluna amarela do Diário e o mesmo nome no Consolidado_Mensal. A soma vira automática.
A8: 6. Histórico_Manual guarda só o que não existe dia a dia (fevereiro a junho). O Consolidado soma o diário MAIS essa aba, então não repita valores lá.
A9: 7. Comissão: R$ 10 por avaliação paga, paga no mês seguinte. A aba Comissões calcula sozinha a partir do Consolidado.
A11: O QUE EXISTE DE HISTÓRICO
A12: Fevereiro: só o total do mês (29) e o total por professor. Sem diário, sem gênero, sem perfil.
A13: Março, Abril e Maio: quantidade por dia no diário. Professor só no total do mês. Gênero só a partir de maio, e também só no total.
A14: Junho: quantidade, gênero e perfil por dia. Professor no total do mês.
... A20: Promoção de julho (pacote semestral e anual) fica fora desta planilha. Controle separado.
